timestep,consumption_eur,consumption_sib,price_eur,price_sib
2011-03-26 15:00,88975.0,24267.0,1017.37,520.77
2011-03-26 17:00,90761.0,24524.0,1022.65,522.53
2011-03-26 18:00,93073.0,23958.0,1037.26,511.53
2011-03-26 19:00,94417.0,22907.0,1086.21,504.19
2011-03-26 20:00,93279.0,22316.0,1039.34,479.74
2011-03-26 21:00,90726.0,21994.0,1022.11,476.21
2011-03-26 22:00,87311.0,21838.0,982.48,474.08
2011-03-26 23:00,83696.0,21737.0,899.77,462.76
2011-03-27 00:00,80289.0,21750.0,862.27,466.71
2011-03-27 01:00,79798.0,22022.0,852.96,465.77
2011-03-27 02:00,79798.0,22022.0,852.96,465.77
2011-03-27 03:00,79415.0,22576.0,829.79,494.33
2011-03-27 04:00,79117.0,22862.0,817.25,511.24
2011-03-27 05:00,80444.0,23259.0,858.59,516.81
2011-03-27 06:00,80592.0,23565.0,858.41,524.68
2011-03-27 07:00,81644.0,23581.0,880.47,533.82
2011-03-27 08:00,82338.0,23321.0,877.27,526.04
2011-03-27 09:00,84873.0,23211.0,973.25,525.98
2011-03-27 10:00,85524.0,23075.0,970.97,514.72
2011-03-27 11:00,86272.0,23010.0,988.6,513.66
2011-03-27 12:00,85380.0,23107.0,964.18,511.08
2011-03-27 13:00,85733.0,23225.0,980.33,509.94
2011-03-27 14:00,85417.0,23693.0,968.94,528.88
2011-03-27 15:00,86640.0,24002.0,994.98,536.23
2011-03-27 16:00,86933.0,24338.0,996.36,544.83
2011-03-27 17:00,88182.0,24549.0,1002.71,563.42
2011-03-27 18:00,89403.0,24216.0,1012.88,567.35
2011-03-27 19:00,92366.0,22974.0,1036.81,535.43
2011-03-27 20:00,92769.0,22224.0,1034.53,500.43
2011-03-27 21:00,91417.0,21832.0,1031.69,487.23
2011-03-27 22:00,87155.0,21562.0,961.41,470.64
2011-03-27 23:00,84456.0,21562.0,926.81,469.38
2011-03-28 00:00,81840.0,21687.0,878.39,486.0
2011-03-28 01:00,80210.0,22080.0,858.4,490.32
2011-03-28 02:00,79952.0,22523.0,851.37,487.99
2011-03-28 03:00,79931.0,22741.0,848.85,528.13
2011-03-28 04:00,81130.0,23141.0,863.74,540.09
2011-03-28 05:00,83225.0,23521.0,881.81,551.02
2011-03-28 06:00,85242.0,23670.0,898.94,567.36
2011-03-28 07:00,89278.0,23586.0,1000.03,569.01
2011-03-28 08:00,92937.0,23363.0,1026.42,622.8
2011-03-28 09:00,95307.0,23224.0,1051.36,623.27
2011-03-28 10:00,95267.0,23160.0,1052.07,639.09
2011-03-28 11:00,94363.0,23112.0,1042.23,588.93
2011-03-28 12:00,93405.0,23154.0,1039.47,547.19
2011-03-28 13:00,93730.0,23249.0,1044.07,568.28
2011-03-28 14:00,93597.0,23802.0,1040.34,562.28
2011-03-28 15:00,93815.0,24318.0,1040.98,562.03
2011-03-28 16:00,93248.0,24563.0,1033.28,566.71
2011-03-28 17:00,92995.0,24550.0,1028.48,589.32
2011-03-28 18:00,93915.0,24066.0,1036.19,595.36
2011-03-28 19:00,95444.0,23045.0,1037.39,524.38
2011-03-28 20:00,96003.0,22264.0,1057.29,502.89
2011-03-28 21:00,93557.0,21744.0,1065.38,493.39
2011-03-28 22:00,89259.0,21550.0,1004.77,490.62
2011-03-28 23:00,85612.0,21400.0,926.87,475.98
2011-03-29 00:00,82322.0,21046.0,870.53,521.63
2011-03-29 01:00,81230.0,21233.0,847.9,520.87
2011-03-29 02:00,79894.0,21663.0,817.8,517.35
2011-03-29 03:00,80210.0,22158.0,822.48,546.77
2011-03-29 04:00,80885.0,22798.0,833.54,568.66
2011-03-29 05:00,83662.0,23233.0,872.65,575.13
2011-03-29 06:00,86551.0,23454.0,948.98,591.5
2011-03-29 07:00,89966.0,23406.0,1024.11,590.01
2011-03-29 08:00,92825.0,23218.0,1039.25,637.72
2011-03-29 09:00,95402.0,23067.0,1072.24,636.1
2011-03-29 10:00,95198.0,23021.0,1061.29,638.68
2011-03-29 11:00,94753.0,23049.0,1068.53,638.77
2011-03-29 12:00,93338.0,23067.0,1055.27,570.35
2011-03-29 13:00,94163.0,23120.0,1070.36,576.75
2011-03-29 14:00,93911.0,24191.0,1068.54,534.52
2011-03-29 15:00,93884.0,24329.0,1071.33,539.54
2011-03-29 16:00,92821.0,24119.0,1052.21,556.85
2011-03-29 17:00,92838.0,23917.0,1055.37,607.09
2011-03-29 18:00,93176.0,23701.0,1048.64,636.56
2011-03-29 19:00,95742.0,22921.0,1063.28,573.88
2011-03-29 20:00,95893.0,21983.0,1065.75,547.45
2011-03-29 21:00,94022.0,21362.0,1069.4,533.39
2011-03-29 22:00,89332.0,21044.0,1007.74,527.99
2011-03-29 23:00,85979.0,21049.0,932.03,526.28
2011-03-30 00:00,82351.0,21301.0,878.11,500.22
2011-03-30 01:00,80754.0,21560.0,846.03,498.96
2011-03-30 02:00,79495.0,22046.0,819.17,498.22
2011-03-30 03:00,80008.0,22440.0,816.03,513.52
2011-03-30 04:00,80606.0,22874.0,824.63,545.56
2011-03-30 05:00,83649.0,23358.0,878.0,560.62
2011-03-30 06:00,86943.0,23501.0,957.58,574.18
2011-03-30 07:00,90655.0,23439.0,1030.18,591.42
2011-03-30 08:00,93520.0,23346.0,1058.8,640.79
2011-03-30 09:00,96023.0,23187.0,1086.35,641.53
2011-03-30 10:00,95582.0,23082.0,1075.21,647.95
2011-03-30 11:00,95120.0,23056.0,1077.8,646.55
2011-03-30 12:00,93685.0,23037.0,1078.9,539.14
2011-03-30 13:00,94629.0,23297.0,1096.69,527.92
2011-03-30 14:00,94185.0,24011.0,1091.15,544.19
2011-03-30 15:00,94120.0,24230.0,1076.28,552.08
2011-03-30 16:00,92503.0,24266.0,1051.42,553.82
2011-03-30 17:00,92321.0,24098.0,1043.67,567.83
2011-03-30 18:00,92277.0,23909.0,1032.97,635.94
2011-03-30 19:00,94972.0,22980.0,1055.05,608.83
2011-03-30 20:00,95620.0,22062.0,1061.33,519.87
2011-03-30 21:00,93951.0,21705.0,1079.01,511.46
2011-03-30 22:00,89477.0,21436.0,1016.5,506.85
2011-03-30 23:00,86174.0,21276.0,932.52,497.22
2011-03-31 00:00,81935.0,21860.0,873.05,469.03
2011-03-31 01:00,80497.0,22052.0,843.41,466.22
2011-03-31 02:00,79289.0,22410.0,816.49,460.62
2011-03-31 03:00,79685.0,22915.0,813.33,475.85
2011-03-31 04:00,80414.0,23142.0,814.94,490.15
2011-03-31 05:00,83358.0,23690.0,868.87,503.46
2011-03-31 06:00,86590.0,23899.0,958.38,518.12
2011-03-31 07:00,90123.0,23459.0,1036.73,547.03
2011-03-31 08:00,93131.0,23196.0,1070.73,617.06
2011-03-31 09:00,95650.0,23033.0,1098.44,575.78
2011-03-31 10:00,95325.0,22960.0,1109.22,599.08
2011-03-31 11:00,94842.0,22893.0,1090.82,534.37
2011-03-31 12:00,93342.0,23372.0,1072.85,488.68
2011-03-31 13:00,94126.0,23687.0,1106.8,477.51
2011-03-31 14:00,93489.0,23804.0,1098.85,485.7
2011-03-31 15:00,93818.0,23990.0,1088.27,500.69
2011-03-31 16:00,92582.0,24295.0,1072.15,512.76
2011-03-31 17:00,92312.0,24511.0,1053.48,510.34
2011-03-31 18:00,92059.0,24275.0,1044.31,555.94
2011-03-31 19:00,93984.0,23091.0,1050.53,502.15
2011-03-31 20:00,94708.0,22348.0,1054.23,479.18
2011-03-31 21:00,93608.0,21950.0,1074.18,472.36
2011-03-31 22:00,89736.0,21703.0,1023.35,470.77
2011-03-31 23:00,86231.0,21550.0,947.66,454.7
2011-04-01 00:00,82470.0,21515.0,913.24,465.03
2011-04-01 01:00,80711.0,21867.0,869.72,467.86
2011-04-01 02:00,80006.0,22366.0,857.94,465.74
2011-04-01 03:00,80032.0,22334.0,867.9,506.26
2011-04-01 04:00,81102.0,22691.0,878.45,536.81
2011-04-01 05:00,83234.0,23204.0,968.91,546.66
2011-04-01 06:00,86520.0,23372.0,1063.29,553.29
2011-04-01 07:00,90493.0,23233.0,1153.61,614.22
2011-04-01 08:00,93575.0,23083.0,1173.0,648.15
2011-04-01 09:00,95707.0,22972.0,1223.46,648.22
2011-04-01 10:00,95646.0,22957.0,1199.57,543.5
2011-04-01 11:00,94746.0,22963.0,1190.08,539.36
2011-04-01 12:00,93677.0,22909.0,1172.7,519.27
2011-04-01 13:00,94068.0,23528.0,1187.1,506.85
2011-04-01 14:00,93565.0,23629.0,1181.15,502.55
2011-04-01 15:00,93167.0,23833.0,1183.79,522.29
2011-04-01 16:00,92288.0,24125.0,1166.29,525.81
2011-04-01 17:00,91923.0,24346.0,1163.44,530.58
2011-04-01 18:00,91781.0,23781.0,1157.75,531.94
2011-04-01 19:00,93059.0,22685.0,1155.19,617.74
2011-04-01 20:00,94513.0,21844.0,1166.39,531.59
2011-04-01 21:00,93257.0,21638.0,1172.32,487.27
2011-04-01 22:00,89442.0,21366.0,1102.81,473.22
2011-04-01 23:00,85932.0,21412.0,1003.0,463.54
2011-04-02 00:00,81779.0,20862.0,1008.25,465.35
2011-04-02 01:00,79748.0,21021.0,956.28,463.91
2011-04-02 02:00,79010.0,21372.0,929.3,459.52
2011-04-02 03:00,78692.0,21637.0,910.19,480.13
2011-04-02 04:00,78905.0,21705.0,909.85,489.68
2011-04-02 05:00,79592.0,22246.0,902.8,510.46
2011-04-02 06:00,80221.0,22483.0,933.97,523.52
2011-04-02 07:00,82217.0,22507.0,984.15,584.2
2011-04-02 08:00,84843.0,22510.0,1031.91,535.63
2011-04-02 09:00,86976.0,22393.0,1048.45,535.16
2011-04-02 10:00,87644.0,22269.0,1046.51,536.9
2011-04-02 11:00,87444.0,22275.0,1049.49,536.11
2011-04-02 12:00,86718.0,22275.0,1040.91,532.99
2011-04-02 13:00,86685.0,22308.0,1041.55,500.31
2011-04-02 14:00,86455.0,22640.0,1038.31,496.63
2011-04-02 15:00,86380.0,23116.0,1034.89,494.87
2011-04-02 16:00,86265.0,23137.0,1033.57,498.79
2011-04-02 17:00,86672.0,23307.0,1037.43,519.38
2011-04-02 18:00,87667.0,23115.0,1033.73,663.6
2011-04-02 19:00,89582.0,22365.0,1050.24,668.56
2011-04-02 20:00,90740.0,21705.0,1049.77,666.69
2011-04-02 21:00,90349.0,21137.0,1057.69,604.52
2011-04-02 22:00,86797.0,20867.0,1001.37,489.33
2011-04-02 23:00,82674.0,20755.0,951.41,460.65
2011-04-03 00:00,79916.0,20532.0,930.98,515.66
2011-04-03 01:00,78005.0,20718.0,879.52,514.09
2011-04-03 02:00,77302.0,20987.0,875.15,501.66
2011-04-03 03:00,76711.0,21152.0,869.54,510.19
2011-04-03 04:00,76946.0,21458.0,868.36,511.67
2011-04-03 05:00,77727.0,21984.0,870.53,520.33
2011-04-03 06:00,78197.0,22280.0,885.74,534.48
2011-04-03 07:00,78685.0,22404.0,873.24,624.85
2011-04-03 08:00,80827.0,22329.0,908.98,544.48
2011-04-03 09:00,82838.0,22287.0,1000.34,544.66
2011-04-03 10:00,83810.0,22146.0,1005.13,544.55
2011-04-03 11:00,84020.0,22026.0,1009.17,537.02
2011-04-03 12:00,83704.0,22042.0,1004.27,536.74
2011-04-03 13:00,83763.0,22066.0,1009.88,526.44
2011-04-03 14:00,83851.0,22256.0,1012.85,522.88
2011-04-03 15:00,83848.0,22586.0,1014.42,501.07
2011-04-03 16:00,84158.0,22903.0,1017.07,512.47
2011-04-03 17:00,84494.0,23272.0,1010.75,528.6
2011-04-03 18:00,85562.0,23137.0,1015.58,546.6
2011-04-03 19:00,87812.0,22388.0,1033.67,643.87
2011-04-03 20:00,89989.0,21745.0,1068.33,654.77
2011-04-03 21:00,89542.0,21143.0,1092.31,527.1
2011-04-03 22:00,85962.0,20911.0,1027.65,499.66
2011-04-03 23:00,82549.0,20772.0,971.47,496.63
2011-04-04 00:00,79426.0,20656.0,905.04,532.42
2011-04-04 01:00,77564.0,20862.0,867.6,529.8
2011-04-04 02:00,77479.0,21183.0,866.73,529.92
2011-04-04 03:00,77370.0,21808.0,869.54,543.26
2011-04-04 04:00,78467.0,22526.0,881.4,560.26
2011-04-04 05:00,80836.0,23001.0,905.17,570.21
2011-04-04 06:00,84130.0,23245.0,1012.31,583.02
2011-04-04 07:00,87595.0,23204.0,1075.57,610.34
2011-04-04 08:00,91160.0,23045.0,1115.44,647.53
2011-04-04 09:00,93407.0,22884.0,1177.41,644.21
2011-04-04 10:00,93479.0,22848.0,1191.52,645.18
2011-04-04 11:00,92474.0,22746.0,1135.15,643.4
2011-04-04 12:00,91497.0,22678.0,1125.75,636.46
2011-04-04 13:00,91897.0,22710.0,1143.62,568.3
2011-04-04 14:00,91591.0,22870.0,1125.25,565.51
2011-04-04 15:00,91385.0,23207.0,1113.85,543.83
2011-04-04 16:00,90469.0,23498.0,1096.8,571.73
2011-04-04 17:00,89687.0,23715.0,1078.22,589.64
2011-04-04 18:00,89242.0,23453.0,1052.8,605.45
2011-04-04 19:00,90666.0,22772.0,1066.28,623.48
2011-04-04 20:00,92439.0,21709.0,1122.58,577.13
2011-04-04 21:00,91639.0,21107.0,1221.83,551.88
2011-04-04 22:00,88014.0,20815.0,1055.36,536.37
2011-04-04 23:00,84101.0,20654.0,968.11,532.26
2011-04-05 00:00,79328.0,20960.0,894.39,506.7
2011-04-05 01:00,77660.0,21159.0,865.48,509.35
2011-04-05 02:00,77039.0,21539.0,860.77,502.94
2011-04-05 03:00,76693.0,22169.0,855.89,526.41
2011-04-05 04:00,77824.0,22610.0,864.55,531.56
2011-04-05 05:00,80375.0,23021.0,898.9,536.74
2011-04-05 06:00,83480.0,23130.0,964.22,537.47
2011-04-05 07:00,86350.0,23102.0,1024.34,545.39
2011-04-05 08:00,89815.0,23000.0,1083.09,674.45
2011-04-05 09:00,92118.0,22727.0,1118.06,627.46
2011-04-05 10:00,92106.0,22700.0,1116.71,631.89
2011-04-05 11:00,91051.0,22667.0,1100.21,624.66
2011-04-05 12:00,90158.0,22618.0,1093.81,620.89
2011-04-05 13:00,90397.0,22755.0,1102.03,535.91
2011-04-05 14:00,90205.0,22794.0,1103.48,516.79
2011-04-05 15:00,90272.0,23102.0,1110.84,517.35
2011-04-05 16:00,89464.0,23317.0,1104.18,523.58
2011-04-05 17:00,88722.0,23577.0,1091.6,537.37
2011-04-05 18:00,88069.0,23299.0,1055.85,553.77
2011-04-05 19:00,89267.0,22716.0,1063.44,596.39
2011-04-05 20:00,91074.0,21690.0,1091.57,576.41
2011-04-05 21:00,90241.0,21238.0,1107.39,514.9
2011-04-05 22:00,87026.0,21100.0,1046.66,509.4
2011-04-05 23:00,83300.0,20954.0,951.26,493.41
2011-04-06 00:00,78404.0,21066.0,886.12,465.28
2011-04-06 01:00,76646.0,21360.0,857.36,465.11
2011-04-06 02:00,75884.0,21874.0,851.47,465.43
2011-04-06 03:00,75888.0,22253.0,847.14,508.03
2011-04-06 04:00,76930.0,22746.0,863.96,521.68
2011-04-06 05:00,79391.0,23137.0,904.15,533.92
2011-04-06 06:00,83324.0,23345.0,1002.28,533.58
2011-04-06 07:00,86647.0,23250.0,1044.19,538.51
2011-04-06 08:00,90047.0,23080.0,1094.44,615.31
2011-04-06 09:00,92291.0,22984.0,1133.51,615.32
2011-04-06 10:00,92172.0,22948.0,1123.12,618.62
2011-04-06 11:00,91072.0,22921.0,1107.31,618.3
2011-04-06 12:00,90037.0,22826.0,1098.59,606.3
2011-04-06 13:00,90344.0,22975.0,1111.86,522.82
2011-04-06 14:00,89984.0,23275.0,1103.37,506.3
2011-04-06 15:00,89481.0,23470.0,1096.55,531.35
2011-04-06 16:00,88648.0,23727.0,1084.2,532.95
2011-04-06 17:00,87787.0,23693.0,1068.09,565.39
2011-04-06 18:00,87617.0,23504.0,1053.28,552.78
2011-04-06 19:00,88957.0,22594.0,1064.9,577.58
2011-04-06 20:00,90729.0,21858.0,1098.5,535.85
2011-04-06 21:00,89729.0,21364.0,1094.83,488.74
2011-04-06 22:00,86244.0,21139.0,1036.48,466.51
2011-04-06 23:00,82230.0,21097.0,983.75,465.42
2011-04-07 00:00,78619.0,20596.0,884.79,513.66
2011-04-07 01:00,76563.0,20890.0,857.07,515.26
2011-04-07 02:00,76251.0,21365.0,853.02,513.27
2011-04-07 03:00,76063.0,21822.0,845.66,530.15
2011-04-07 04:00,77528.0,22536.0,895.78,547.04
2011-04-07 05:00,79586.0,22920.0,904.7,555.27
2011-04-07 06:00,83449.0,23156.0,1002.18,561.37
2011-04-07 07:00,86730.0,23166.0,1058.2,568.8
2011-04-07 08:00,90572.0,23008.0,1148.28,625.19
2011-04-07 09:00,92495.0,22875.0,1200.09,625.42
2011-04-07 10:00,92476.0,22865.0,1377.54,635.09
2011-04-07 11:00,90930.0,22846.0,1155.02,636.53
2011-04-07 12:00,90076.0,22784.0,1143.76,631.67
2011-04-07 13:00,90385.0,22782.0,1164.74,565.78
2011-04-07 14:00,90636.0,22880.0,1177.92,533.68
2011-04-07 15:00,90158.0,23110.0,1157.5,521.33
2011-04-07 16:00,89281.0,23345.0,1188.64,552.16
2011-04-07 17:00,88197.0,23421.0,1118.23,580.78
2011-04-07 18:00,88499.0,23206.0,1117.45,605.99
2011-04-07 19:00,90048.0,22490.0,1132.23,596.69
2011-04-07 20:00,91344.0,21470.0,1146.1,563.04
2011-04-07 21:00,90228.0,20879.0,1167.9,526.43
2011-04-07 22:00,86648.0,20605.0,1080.92,515.02
2011-04-07 23:00,82398.0,20437.0,990.19,509.91
2011-04-08 00:00,78465.0,20912.0,902.46,497.37
2011-04-08 01:00,76715.0,21137.0,871.27,496.0
2011-04-08 02:00,75936.0,21517.0,854.46,502.06
2011-04-08 03:00,75936.0,21912.0,852.83,530.28
2011-04-08 04:00,77174.0,22613.0,867.35,538.62
2011-04-08 05:00,79419.0,23049.0,906.96,539.89
2011-04-08 06:00,82956.0,23232.0,1006.39,546.48
2011-04-08 07:00,86418.0,23124.0,1055.0,554.86
2011-04-08 08:00,89979.0,22930.0,1106.3,605.9
2011-04-08 09:00,92256.0,22856.0,1156.96,604.94
2011-04-08 10:00,92258.0,22866.0,1160.76,609.67
2011-04-08 11:00,91209.0,22835.0,1112.88,608.48
2011-04-08 12:00,90248.0,22771.0,1115.88,598.34
2011-04-08 13:00,90590.0,22845.0,1139.43,541.99
2011-04-08 14:00,90606.0,23208.0,1129.11,525.05
2011-04-08 15:00,90202.0,23521.0,1120.53,524.95
2011-04-08 16:00,88818.0,23450.0,1106.82,533.04
2011-04-08 17:00,88041.0,23485.0,1097.36,554.28
2011-04-08 18:00,88237.0,23272.0,1097.49,571.42
2011-04-08 19:00,89773.0,22606.0,1098.3,600.97
2011-04-08 20:00,91143.0,21579.0,1120.01,547.4
2011-04-08 21:00,90173.0,21153.0,1136.31,526.0
2011-04-08 22:00,86538.0,21016.0,1069.8,510.52
2011-04-08 23:00,82792.0,20862.0,1004.58,498.47
2011-04-09 00:00,79416.0,20954.0,962.48,452.25
2011-04-09 01:00,77423.0,21083.0,914.83,450.89
2011-04-09 02:00,76712.0,21383.0,968.78,450.66
2011-04-09 03:00,76071.0,21570.0,894.36,455.72
2011-04-09 04:00,76383.0,21601.0,897.97,483.22
2011-04-09 05:00,77588.0,22070.0,921.77,495.35
2011-04-09 06:00,78982.0,22355.0,960.88,502.67
2011-04-09 07:00,80299.0,22426.0,1017.09,508.67
2011-04-09 08:00,82713.0,22547.0,1039.59,510.85
2011-04-09 09:00,85035.0,22326.0,1068.95,502.91
2011-04-09 10:00,85513.0,22256.0,1072.12,510.77
2011-04-09 11:00,85502.0,22233.0,1076.89,510.21
2011-04-09 12:00,85050.0,22236.0,1086.38,508.8
2011-04-09 13:00,85040.0,22116.0,1081.2,472.57
2011-04-09 14:00,85209.0,22453.0,1077.95,470.99
2011-04-09 15:00,85081.0,22773.0,1080.59,480.9
2011-04-09 16:00,84278.0,22912.0,1073.5,504.78
2011-04-09 17:00,84098.0,23254.0,1070.2,524.88
2011-04-09 18:00,84546.0,22902.0,1065.93,519.57
2011-04-09 19:00,86435.0,22251.0,1075.35,513.94
2011-04-09 20:00,88044.0,21586.0,1101.64,511.51
2011-04-09 21:00,87828.0,21027.0,1136.02,471.14
2011-04-09 22:00,84432.0,20922.0,1083.42,453.59
2011-04-09 23:00,81212.0,20839.0,1015.41,451.94
2011-04-10 00:00,77989.0,20955.0,970.88,432.81
2011-04-10 01:00,75901.0,20913.0,924.15,432.58
2011-04-10 02:00,74985.0,21208.0,917.31,431.53
2011-04-10 03:00,74747.0,21266.0,972.01,433.29
2011-04-10 04:00,74916.0,21640.0,916.48,432.72
2011-04-10 05:00,75633.0,22162.0,918.61,432.87
2011-04-10 06:00,76579.0,22542.0,928.9,444.48
2011-04-10 07:00,77686.0,22591.0,950.52,448.18
2011-04-10 08:00,79265.0,22272.0,1015.16,465.86
2011-04-10 09:00,81793.0,22346.0,1056.62,462.82
2011-04-10 10:00,82802.0,22164.0,1073.92,462.62
2011-04-10 11:00,82853.0,22106.0,1077.36,462.33
2011-04-10 12:00,82533.0,22049.0,1073.64,453.77
2011-04-10 13:00,82742.0,22177.0,1080.25,451.81
2011-04-10 14:00,83187.0,22383.0,1077.51,450.29
2011-04-10 15:00,83164.0,22707.0,1067.82,457.61
2011-04-10 16:00,82837.0,22721.0,1054.44,473.8
2011-04-10 17:00,82852.0,23002.0,1054.54,469.0
2011-04-10 18:00,83771.0,22970.0,1059.27,487.14
2011-04-10 19:00,86047.0,22205.0,1084.36,477.44
2011-04-10 20:00,87854.0,21328.0,1118.45,441.98
2011-04-10 21:00,87432.0,21168.0,1274.71,434.69
2011-04-10 22:00,83908.0,21010.0,1097.46,433.59
2011-04-10 23:00,80557.0,20973.0,1029.87,431.68
2011-04-11 00:00,77131.0,20727.0,953.71,431.59
2011-04-11 01:00,75497.0,20906.0,980.54,430.31
2011-04-11 02:00,74770.0,21338.0,906.13,428.67
2011-04-11 03:00,75018.0,21857.0,895.7,449.49
2011-04-11 04:00,76203.0,22446.0,907.25,464.32
2011-04-11 05:00,78717.0,22920.0,961.34,464.43
2011-04-11 06:00,82639.0,23161.0,1045.51,465.12
2011-04-11 07:00,86308.0,22953.0,1136.08,468.35
2011-04-11 08:00,89724.0,22663.0,1150.14,475.37
2011-04-11 09:00,91903.0,22243.0,1233.87,517.69
2011-04-11 10:00,92311.0,22241.0,1301.55,518.12
2011-04-11 11:00,91171.0,22263.0,1181.6,513.93
2011-04-11 12:00,90241.0,22209.0,1170.85,497.42
2011-04-11 13:00,90441.0,22288.0,1197.91,470.24
2011-04-11 14:00,90265.0,22560.0,1192.03,451.91
2011-04-11 15:00,89715.0,22754.0,1175.54,452.07
2011-04-11 16:00,89297.0,23057.0,1162.24,458.47
2011-04-11 17:00,88846.0,23164.0,1147.26,452.36
2011-04-11 18:00,89097.0,23145.0,1144.37,464.96
2011-04-11 19:00,90316.0,22203.0,1142.88,455.18
2011-04-11 20:00,91144.0,21295.0,1180.27,455.53
2011-04-11 21:00,89906.0,21026.0,1268.53,420.55
2011-04-11 22:00,86380.0,20880.0,1139.82,418.22
2011-04-11 23:00,82389.0,20808.0,1033.14,417.75
2011-04-12 00:00,78217.0,20861.0,914.52,421.95
2011-04-12 01:00,76473.0,21095.0,887.37,418.66
2011-04-12 02:00,75953.0,21434.0,877.33,415.55
2011-04-12 03:00,75770.0,21777.0,872.83,430.14
2011-04-12 04:00,77089.0,22280.0,885.95,444.97
2011-04-12 05:00,79415.0,22715.0,934.94,443.11
2011-04-12 06:00,83218.0,22934.0,1024.91,444.16
2011-04-12 07:00,86461.0,22825.0,1066.56,450.64
2011-04-12 08:00,89936.0,22553.0,1108.53,481.23
2011-04-12 09:00,92079.0,21740.0,1144.55,634.22
2011-04-12 10:00,92429.0,21744.0,1195.81,645.18
2011-04-12 11:00,91068.0,21720.0,1128.11,643.38
2011-04-12 12:00,90166.0,21738.0,1118.21,513.6
2011-04-12 13:00,90297.0,22051.0,1126.94,488.12
2011-04-12 14:00,90180.0,22294.0,1126.65,448.53
2011-04-12 15:00,89902.0,22575.0,1119.02,447.5
2011-04-12 16:00,89163.0,22848.0,1111.63,439.49
2011-04-12 17:00,88730.0,23030.0,1109.1,449.0
2011-04-12 18:00,89038.0,23033.0,1107.18,463.77
2011-04-12 19:00,90032.0,22378.0,1106.09,450.87
2011-04-12 20:00,91130.0,21433.0,1132.63,451.26
2011-04-12 21:00,89580.0,21055.0,1153.43,422.24
2011-04-12 22:00,86103.0,20815.0,1091.48,421.0
2011-04-12 23:00,82060.0,20723.0,1022.07,420.83
2011-04-13 00:00,77980.0,20362.0,915.61,454.08
2011-04-13 01:00,76323.0,20631.0,893.53,452.4
2011-04-13 02:00,75486.0,20899.0,882.29,444.91
2011-04-13 03:00,75495.0,21255.0,879.69,496.85
2011-04-13 04:00,76665.0,21732.0,889.73,498.06
2011-04-13 05:00,79207.0,22202.0,929.4,514.59
2011-04-13 06:00,83163.0,22385.0,1017.26,517.14
2011-04-13 07:00,86463.0,22078.0,1057.17,518.43
2011-04-13 08:00,89860.0,21993.0,1115.22,548.24
2011-04-13 09:00,92110.0,21775.0,1141.3,548.59
2011-04-13 10:00,92172.0,21770.0,1188.22,534.88
2011-04-13 11:00,91062.0,21725.0,1134.64,513.8
2011-04-13 12:00,90381.0,21697.0,1135.57,517.11
2011-04-13 13:00,90560.0,21636.0,1145.62,511.68
2011-04-13 14:00,90838.0,21929.0,1144.19,496.66
2011-04-13 15:00,90023.0,22122.0,1139.06,497.65
2011-04-13 16:00,89697.0,22603.0,1129.84,496.94
2011-04-13 17:00,89092.0,22701.0,1119.1,502.16
2011-04-13 18:00,89095.0,22182.0,1115.3,510.95
2011-04-13 19:00,90397.0,21660.0,1115.53,509.4
2011-04-13 20:00,91088.0,20889.0,1127.48,502.43
2011-04-13 21:00,89853.0,20467.0,1140.72,455.89
2011-04-13 22:00,86243.0,20333.0,1077.91,452.04
2011-04-13 23:00,82080.0,20312.0,1007.86,450.68
2011-04-14 00:00,78076.0,20259.0,905.67,445.87
2011-04-14 01:00,76380.0,20568.0,882.76,444.93
2011-04-14 02:00,75474.0,20873.0,857.1,447.33
2011-04-14 03:00,75669.0,21017.0,856.99,478.0
2011-04-14 04:00,76795.0,21664.0,868.5,489.91
2011-04-14 05:00,78993.0,21940.0,916.31,490.68
2011-04-14 06:00,82797.0,22033.0,991.96,493.2
2011-04-14 07:00,85954.0,21877.0,1034.44,487.19
2011-04-14 08:00,89368.0,21567.0,1077.25,515.46
2011-04-14 09:00,91377.0,21383.0,1103.98,584.6
2011-04-14 10:00,91408.0,21301.0,1109.07,580.3
2011-04-14 11:00,90619.0,21344.0,1097.09,586.31
2011-04-14 12:00,89786.0,21235.0,1091.05,579.13
2011-04-14 13:00,90181.0,21350.0,1100.95,501.33
2011-04-14 14:00,90122.0,21812.0,1102.24,480.35
2011-04-14 15:00,89788.0,21973.0,1103.08,479.93
2011-04-14 16:00,89339.0,22457.0,1100.08,479.65
2011-04-14 17:00,88864.0,22498.0,1098.72,481.75
2011-04-14 18:00,88367.0,22113.0,1095.81,485.76
2011-04-14 19:00,89561.0,21409.0,1080.45,486.24
2011-04-14 20:00,90351.0,20715.0,1107.23,487.09
2011-04-14 21:00,89464.0,20336.0,1132.35,461.69
2011-04-14 22:00,85689.0,20147.0,1065.88,459.02
2011-04-14 23:00,81807.0,20074.0,997.14,446.74
2011-04-15 00:00,77962.0,20080.0,904.72,456.5
2011-04-15 01:00,75898.0,20208.0,881.09,457.86
2011-04-15 02:00,75116.0,20577.0,858.66,456.86
2011-04-15 03:00,75338.0,21183.0,864.08,500.95
2011-04-15 04:00,76423.0,21599.0,881.44,522.31
2011-04-15 05:00,78725.0,22219.0,912.67,548.72
2011-04-15 06:00,82600.0,22318.0,994.3,551.49
2011-04-15 07:00,85949.0,22071.0,1032.63,552.83
2011-04-15 08:00,89544.0,21772.0,1081.01,587.72
2011-04-15 09:00,91474.0,21645.0,1130.05,586.24
2011-04-15 10:00,91707.0,21662.0,1155.15,586.66
2011-04-15 11:00,90753.0,21678.0,1117.25,562.31
2011-04-15 12:00,90005.0,21675.0,1099.02,552.49
2011-04-15 13:00,90133.0,21505.0,1117.92,516.3
2011-04-15 14:00,89904.0,21662.0,1115.93,513.91
2011-04-15 15:00,89430.0,21944.0,1107.52,514.6
2011-04-15 16:00,88931.0,22194.0,1096.41,508.1
2011-04-15 17:00,88410.0,22416.0,1080.26,510.45
2011-04-15 18:00,87932.0,21976.0,1070.95,517.07
2011-04-15 19:00,89112.0,21449.0,1073.84,515.94
2011-04-15 20:00,90521.0,20491.0,1111.51,495.16
2011-04-15 21:00,89489.0,20221.0,1398.13,479.47
2011-04-15 22:00,86059.0,19996.0,1101.18,476.43
2011-04-15 23:00,82005.0,19770.0,1020.94,455.9
2011-04-16 00:00,77746.0,19770.0,970.24,498.91
2011-04-16 01:00,75628.0,19854.0,920.39,500.07
2011-04-16 02:00,74610.0,20064.0,910.0,495.86
2011-04-16 03:00,74394.0,20542.0,915.6,494.98
2011-04-16 04:00,74770.0,20854.0,918.96,494.31
2011-04-16 05:00,75889.0,21443.0,927.93,513.19
2011-04-16 06:00,77538.0,21596.0,930.64,518.6
2011-04-16 07:00,78811.0,21363.0,991.35,522.85
2011-04-16 08:00,81298.0,21007.0,1031.56,527.48
2011-04-16 09:00,83400.0,20882.0,1052.84,523.65
2011-04-16 10:00,84360.0,20792.0,1071.47,521.9
2011-04-16 11:00,84513.0,20701.0,1078.51,520.73
2011-04-16 12:00,83885.0,20834.0,1078.14,515.96
2011-04-16 13:00,83582.0,20978.0,1072.0,512.6
2011-04-16 14:00,83419.0,21246.0,1070.3,510.02
2011-04-16 15:00,83269.0,21546.0,1055.39,510.48
2011-04-16 16:00,83398.0,21799.0,1056.56,514.66
2011-04-16 17:00,83788.0,22112.0,1060.49,515.81
2011-04-16 18:00,84265.0,22010.0,1061.36,540.88
2011-04-16 19:00,85534.0,21221.0,1066.55,536.66
2011-04-16 20:00,86865.0,20232.0,1096.96,521.96
2011-04-16 21:00,86463.0,19895.0,1091.39,500.45
2011-04-16 22:00,83316.0,19698.0,1079.25,497.29
2011-04-16 23:00,79658.0,19602.0,976.99,488.36
2011-04-17 00:00,77139.0,19757.0,926.64,471.08
2011-04-17 01:00,74718.0,19812.0,892.33,475.84
2011-04-17 02:00,73684.0,19947.0,885.87,466.6
2011-04-17 03:00,73763.0,20111.0,882.87,463.55
2011-04-17 04:00,73844.0,20397.0,873.65,462.39
2011-04-17 05:00,74603.0,20946.0,887.4,480.83
2011-04-17 06:00,75627.0,21237.0,892.43,493.38
2011-04-17 07:00,76609.0,21160.0,908.82,507.93
2011-04-17 08:00,78080.0,20791.0,938.47,510.36
2011-04-17 09:00,80300.0,20672.0,978.93,504.32
2011-04-17 10:00,81820.0,20625.0,1014.48,504.24
2011-04-17 11:00,82246.0,20553.0,1026.1,502.65
2011-04-17 12:00,81968.0,20715.0,1021.68,499.27
2011-04-17 13:00,81788.0,20850.0,1020.19,497.45
2011-04-17 14:00,81799.0,21020.0,1013.4,488.68
2011-04-17 15:00,81851.0,21198.0,999.89,484.64
2011-04-17 16:00,82059.0,21499.0,994.8,479.71
2011-04-17 17:00,82761.0,21890.0,1013.37,491.53
2011-04-17 18:00,83446.0,21949.0,1035.1,505.44
2011-04-17 19:00,85005.0,21280.0,1045.88,500.01
2011-04-17 20:00,86696.0,20335.0,1065.39,502.17
2011-04-17 21:00,86502.0,20046.0,1070.44,481.34
2011-04-17 22:00,83177.0,19899.0,1038.32,477.39
2011-04-17 23:00,79774.0,19776.0,943.38,470.82
2011-04-18 00:00,76400.0,19633.0,917.74,495.64
2011-04-18 01:00,74475.0,19868.0,891.36,497.57
2011-04-18 02:00,73651.0,20209.0,882.52,494.53
2011-04-18 03:00,73768.0,20701.0,864.82,513.82
2011-04-18 04:00,75035.0,21319.0,902.09,517.03
2011-04-18 05:00,77277.0,21899.0,919.14,515.91
2011-04-18 06:00,81066.0,22056.0,977.46,519.81
2011-04-18 07:00,85444.0,21581.0,1052.29,533.48
2011-04-18 08:00,89096.0,21202.0,1100.47,538.31
2011-04-18 09:00,91303.0,21030.0,1151.33,542.37
2011-04-18 10:00,91718.0,21083.0,1166.77,542.01
2011-04-18 11:00,90693.0,21037.0,1123.02,545.75
2011-04-18 12:00,89903.0,20889.0,1109.92,528.43
2011-04-18 13:00,90121.0,20951.0,1136.57,525.96
2011-04-18 14:00,89702.0,21551.0,1123.75,511.83
2011-04-18 15:00,89124.0,21814.0,1113.34,515.95
2011-04-18 16:00,88409.0,22076.0,1101.81,514.1
2011-04-18 17:00,87787.0,22341.0,1086.9,518.75
2011-04-18 18:00,87551.0,22416.0,1081.14,580.28
2011-04-18 19:00,88336.0,21467.0,1070.02,577.76
2011-04-18 20:00,89438.0,20199.0,1100.38,527.98
2011-04-18 21:00,89134.0,19953.0,1110.51,500.62
2011-04-18 22:00,85775.0,19756.0,1087.36,497.61
2011-04-18 23:00,81661.0,19670.0,979.34,495.45
2011-04-19 00:00,77417.0,19362.0,910.57,507.28
2011-04-19 01:00,75466.0,19520.0,901.18,508.89
2011-04-19 02:00,74470.0,19859.0,860.06,497.3
2011-04-19 03:00,74561.0,20365.0,851.17,497.18
2011-04-19 04:00,75581.0,21008.0,875.08,528.63
2011-04-19 05:00,77969.0,21550.0,917.15,532.95
2011-04-19 06:00,81242.0,21625.0,975.13,540.97
2011-04-19 07:00,84432.0,21265.0,1017.7,543.76
2011-04-19 08:00,87948.0,21069.0,1047.65,551.64
2011-04-19 09:00,89839.0,20783.0,1082.48,549.58
2011-04-19 10:00,90212.0,20771.0,1085.63,551.84
2011-04-19 11:00,89452.0,20768.0,1079.69,551.64
2011-04-19 12:00,88750.0,20644.0,1069.97,549.75
2011-04-19 13:00,88785.0,20800.0,1071.8,543.31
2011-04-19 14:00,88839.0,21054.0,1073.99,530.68
2011-04-19 15:00,88513.0,21485.0,1074.82,522.11
2011-04-19 16:00,87855.0,21842.0,1064.69,521.18
2011-04-19 17:00,87285.0,22147.0,1062.99,531.74
2011-04-19 18:00,87232.0,21718.0,1061.39,544.34
2011-04-19 19:00,87768.0,20938.0,1052.67,547.5
2011-04-19 20:00,88982.0,19822.0,1067.05,532.92
2011-04-19 21:00,88579.0,19588.0,1083.2,511.99
2011-04-19 22:00,85604.0,19436.0,1057.2,503.67
2011-04-19 23:00,81610.0,19268.0,983.17,500.05
2011-04-20 00:00,76802.0,19534.0,893.96,471.79
2011-04-20 01:00,74861.0,19776.0,825.17,490.48
2011-04-20 02:00,74197.0,20289.0,823.11,485.59
2011-04-20 03:00,74325.0,20994.0,823.62,483.43
2011-04-20 04:00,75419.0,20884.0,828.71,517.75
2011-04-20 05:00,77638.0,21409.0,900.29,519.34
2011-04-20 06:00,81376.0,21499.0,950.16,535.72
2011-04-20 07:00,84904.0,21335.0,1016.76,556.93
2011-04-20 08:00,88332.0,21064.0,1062.31,558.19
2011-04-20 09:00,89912.0,20947.0,1091.57,644.09
2011-04-20 10:00,90215.0,21024.0,1092.84,647.48
2011-04-20 11:00,89471.0,21044.0,1086.96,560.08
2011-04-20 12:00,88816.0,21005.0,1079.0,550.69
2011-04-20 13:00,88969.0,21047.0,1082.19,538.85
2011-04-20 14:00,88814.0,21354.0,1081.99,530.34
2011-04-20 15:00,88685.0,21775.0,1079.54,525.66
2011-04-20 16:00,88214.0,21944.0,1070.5,529.07
2011-04-20 17:00,87624.0,22200.0,1064.64,517.63
2011-04-20 18:00,87456.0,21916.0,1058.43,537.66
2011-04-20 19:00,88023.0,20967.0,1049.78,539.23
2011-04-20 20:00,89239.0,20125.0,1067.0,518.3
2011-04-20 21:00,88346.0,20156.0,1066.54,485.85
2011-04-20 22:00,85337.0,19980.0,1043.36,483.13
2011-04-20 23:00,80893.0,19855.0,929.83,480.98
2011-04-21 00:00,77326.0,19784.0,874.54,495.92
2011-04-21 01:00,75326.0,19970.0,816.19,497.28
2011-04-21 02:00,74391.0,20297.0,810.18,497.44
2011-04-21 03:00,74371.0,20897.0,804.55,498.38
2011-04-21 04:00,75412.0,21029.0,817.34,544.3
2011-04-21 05:00,77494.0,21554.0,901.35,542.91
2011-04-21 06:00,81299.0,21598.0,973.61,557.75
2011-04-21 07:00,84499.0,21423.0,1024.79,562.67
2011-04-21 08:00,88220.0,21149.0,1043.68,565.56
2011-04-21 09:00,90039.0,21057.0,1072.33,565.15
2011-04-21 10:00,90114.0,21045.0,1073.88,559.82
2011-04-21 11:00,89345.0,21052.0,1061.2,563.79
2011-04-21 12:00,88691.0,21003.0,1053.13,551.9
2011-04-21 13:00,88778.0,20930.0,1054.74,546.16
2011-04-21 14:00,88762.0,21063.0,1060.53,542.08
2011-04-21 15:00,88434.0,21494.0,1064.06,538.92
2011-04-21 16:00,87754.0,21853.0,1055.67,559.3
2011-04-21 17:00,87096.0,22143.0,1043.99,544.78
2011-04-21 18:00,86735.0,21602.0,1034.31,550.59
2011-04-21 19:00,87300.0,20792.0,1035.93,554.28
2011-04-21 20:00,88522.0,19764.0,1046.0,539.81
2011-04-21 21:00,87823.0,19565.0,1056.05,503.5
2011-04-21 22:00,84964.0,19385.0,1032.43,501.16
2011-04-21 23:00,80616.0,19218.0,954.62,481.82
2011-04-22 00:00,77442.0,19627.0,872.7,502.09
2011-04-22 01:00,75324.0,19813.0,815.87,504.07
2011-04-22 02:00,74305.0,20240.0,809.51,504.35
2011-04-22 03:00,74267.0,20752.0,811.79,504.74
2011-04-22 04:00,75339.0,20703.0,825.98,546.42
2011-04-22 05:00,77452.0,21147.0,903.54,556.45
2011-04-22 06:00,81045.0,21328.0,954.62,562.3
2011-04-22 07:00,84599.0,21187.0,1032.58,569.45
2011-04-22 08:00,88123.0,21033.0,1059.48,565.56
2011-04-22 09:00,89883.0,20900.0,1084.54,560.48
2011-04-22 10:00,90297.0,20937.0,1090.21,561.21
2011-04-22 11:00,89525.0,20858.0,1078.69,567.65
2011-04-22 12:00,88684.0,20827.0,1064.98,572.39
2011-04-22 13:00,88656.0,20804.0,1077.43,552.27
2011-04-22 14:00,88643.0,20952.0,1077.86,544.04
2011-04-22 15:00,88274.0,21442.0,1074.93,546.19
2011-04-22 16:00,87583.0,21770.0,1070.68,535.62
2011-04-22 17:00,87043.0,22054.0,1059.03,544.95
2011-04-22 18:00,86181.0,21535.0,1039.47,557.81
2011-04-22 19:00,86852.0,20930.0,1042.22,566.58
2011-04-22 20:00,88169.0,19894.0,1050.88,549.05
2011-04-22 21:00,87947.0,19376.0,1072.47,518.81
2011-04-22 22:00,84886.0,19081.0,1043.96,501.82
2011-04-22 23:00,80638.0,19135.0,954.01,495.82
2011-04-23 00:00,78340.0,19657.0,912.11,482.45
2011-04-23 01:00,76086.0,19672.0,878.92,484.15
2011-04-23 02:00,75144.0,19818.0,872.87,484.4
2011-04-23 03:00,74770.0,20142.0,871.89,485.15
2011-04-23 04:00,74910.0,20636.0,870.06,485.81
2011-04-23 05:00,75653.0,20818.0,876.9,531.0
2011-04-23 06:00,77006.0,20889.0,881.75,552.99
2011-04-23 07:00,78626.0,21041.0,897.36,552.85
2011-04-23 08:00,81270.0,20969.0,936.55,551.73
2011-04-23 09:00,83337.0,20787.0,953.34,542.42
2011-04-23 10:00,84126.0,20729.0,972.44,535.04
2011-04-23 11:00,83836.0,20697.0,965.74,543.08
2011-04-23 12:00,83146.0,20683.0,953.75,543.03
2011-04-23 13:00,82432.0,20800.0,952.91,541.28
2011-04-23 14:00,82131.0,20872.0,947.1,547.65
2011-04-23 15:00,81801.0,21237.0,937.42,520.1
2011-04-23 16:00,81672.0,21494.0,931.05,526.15
2011-04-23 17:00,81892.0,21823.0,930.87,533.64
2011-04-23 18:00,82601.0,22015.0,944.14,554.4
2011-04-23 19:00,83874.0,21125.0,946.05,555.01
2011-04-23 20:00,85585.0,19861.0,988.6,547.8
2011-04-23 21:00,85788.0,19527.0,984.53,508.17
2011-04-23 22:00,83082.0,19457.0,967.4,485.7
2011-04-23 23:00,79562.0,19440.0,904.27,482.84
2011-04-24 00:00,76996.0,19496.0,863.17,514.95
2011-04-24 01:00,75060.0,19465.0,824.26,521.68
2011-04-24 02:00,73311.0,19575.0,803.1,516.57
2011-04-24 03:00,73074.0,19917.0,803.24,515.55
2011-04-24 04:00,72978.0,20235.0,801.6,516.31
2011-04-24 05:00,73478.0,20853.0,811.52,537.9
2011-04-24 06:00,74084.0,21162.0,814.94,546.37
2011-04-24 07:00,74744.0,21202.0,817.55,559.38
2011-04-24 08:00,77237.0,21113.0,858.45,546.75
2011-04-24 09:00,78994.0,20931.0,870.46,537.7
2011-04-24 10:00,80116.0,20815.0,907.51,537.02
2011-04-24 11:00,80183.0,20774.0,910.04,537.14
2011-04-24 12:00,79797.0,20679.0,893.91,536.63
2011-04-24 13:00,79462.0,20680.0,887.14,537.49
2011-04-24 14:00,79327.0,20751.0,887.0,538.44
2011-04-24 15:00,79265.0,20948.0,886.76,540.43
2011-04-24 16:00,79543.0,21309.0,888.94,543.56
2011-04-24 17:00,80206.0,21767.0,891.08,557.05
2011-04-24 18:00,81099.0,21989.0,896.22,577.01
2011-04-24 19:00,82642.0,21420.0,925.7,563.25
2011-04-24 20:00,84693.0,20223.0,958.11,568.02
2011-04-24 21:00,84664.0,19550.0,959.33,550.69
2011-04-24 22:00,81946.0,19451.0,904.8,518.3
2011-04-24 23:00,78982.0,19500.0,872.05,515.65
2011-04-25 00:00,76195.0,20024.0,854.07,473.54
2011-04-25 01:00,74429.0,20175.0,821.56,474.51
2011-04-25 02:00,73230.0,20246.0,807.07,493.07
2011-04-25 03:00,73327.0,21036.0,813.96,474.2
2011-04-25 04:00,74255.0,21206.0,818.47,514.37
2011-04-25 05:00,76196.0,21343.0,861.85,545.52
2011-04-25 06:00,78911.0,21513.0,903.34,548.37
2011-04-25 07:00,83377.0,21462.0,1003.52,556.69
2011-04-25 08:00,87434.0,21410.0,1047.0,554.6
2011-04-25 09:00,89396.0,21351.0,1127.85,554.73
2011-04-25 10:00,89715.0,21384.0,1147.2,556.64
2011-04-25 11:00,88877.0,21379.0,1113.41,557.52
2011-04-25 12:00,88157.0,21270.0,1111.75,555.78
2011-04-25 13:00,87882.0,21570.0,1105.71,542.97
2011-04-25 14:00,87474.0,21881.0,1091.16,522.75
2011-04-25 15:00,86804.0,22063.0,1075.77,542.76
2011-04-25 16:00,85880.0,22374.0,1044.91,545.36
2011-04-25 17:00,85340.0,22559.0,1029.29,544.63
2011-04-25 18:00,85462.0,22505.0,1025.89,562.62
2011-04-25 19:00,86451.0,21574.0,1042.83,558.26
2011-04-25 20:00,87836.0,20515.0,1062.86,527.58
2011-04-25 21:00,87364.0,19998.0,1084.68,507.97
2011-04-25 22:00,84165.0,19796.0,1020.01,505.84
2011-04-25 23:00,80441.0,19660.0,938.1,493.66
2011-04-26 00:00,75807.0,19985.0,888.16,426.06
2011-04-26 01:00,74031.0,20166.0,839.6,416.82
2011-04-26 02:00,72822.0,20402.0,821.96,416.72
2011-04-26 03:00,72903.0,21029.0,823.42,415.44
2011-04-26 04:00,73900.0,21445.0,839.25,469.53
2011-04-26 05:00,75712.0,21886.0,866.43,510.8
2011-04-26 06:00,77541.0,21976.0,918.52,514.59
2011-04-26 07:00,81441.0,21705.0,989.33,518.62
2011-04-26 08:00,85632.0,21639.0,1055.99,516.94
2011-04-26 09:00,87219.0,21529.0,1104.79,515.82
2011-04-26 10:00,87404.0,21539.0,1110.15,515.62
2011-04-26 11:00,86651.0,21667.0,1122.84,523.62
2011-04-26 12:00,85863.0,21779.0,1115.28,513.88
2011-04-26 13:00,85626.0,21716.0,1113.12,514.5
2011-04-26 14:00,85349.0,21714.0,1104.91,513.99
2011-04-26 15:00,84760.0,21838.0,1083.07,500.29
2011-04-26 16:00,83939.0,22080.0,1043.35,521.21
2011-04-26 17:00,83284.0,22321.0,1017.51,515.49
2011-04-26 18:00,83403.0,22429.0,1014.41,510.52
2011-04-26 19:00,84033.0,21815.0,1036.3,519.91
2011-04-26 20:00,85457.0,20922.0,1051.28,492.12
2011-04-26 21:00,85517.0,20406.0,1082.02,475.75
2011-04-26 22:00,82683.0,20106.0,1033.4,451.26
2011-04-26 23:00,78876.0,20009.0,922.75,443.41
2011-04-27 00:00,74895.0,19948.0,840.99,427.35
2011-04-27 01:00,72994.0,20128.0,771.66,428.58
2011-04-27 02:00,71863.0,20469.0,738.98,447.09
2011-04-27 03:00,71848.0,21067.0,732.57,455.89
2011-04-27 04:00,72761.0,21543.0,765.15,474.09
2011-04-27 05:00,74450.0,22028.0,794.94,509.62
2011-04-27 06:00,76587.0,22265.0,880.08,519.04
2011-04-27 07:00,80343.0,22008.0,966.29,537.38
2011-04-27 08:00,84282.0,21933.0,1025.07,523.24
2011-04-27 09:00,86147.0,21826.0,1086.84,522.17
2011-04-27 10:00,86355.0,21807.0,1097.79,522.42
2011-04-27 11:00,85492.0,21837.0,1066.46,522.09
2011-04-27 12:00,84828.0,21750.0,1091.26,520.15
2011-04-27 13:00,84570.0,21647.0,1082.02,512.94
2011-04-27 14:00,84148.0,21610.0,1054.92,512.44
2011-04-27 15:00,83757.0,21708.0,1051.6,519.08
2011-04-27 16:00,82831.0,21924.0,1000.08,520.39
2011-04-27 17:00,81979.0,22175.0,979.93,523.1
2011-04-27 18:00,81678.0,22303.0,969.82,523.58
2011-04-27 19:00,82495.0,21752.0,1002.42,511.87
2011-04-27 20:00,83939.0,20961.0,1020.04,500.01
2011-04-27 21:00,84279.0,20394.0,1052.54,474.62
2011-04-27 22:00,81322.0,20186.0,983.27,451.28
2011-04-27 23:00,77601.0,20036.0,899.86,445.72
2011-04-28 00:00,74351.0,20106.0,849.52,450.57
2011-04-28 01:00,72583.0,20268.0,780.01,460.33
2011-04-28 02:00,71381.0,20548.0,702.45,477.73
2011-04-28 03:00,71450.0,21163.0,720.94,470.78
2011-04-28 04:00,72341.0,21596.0,750.69,521.44
2011-04-28 05:00,73899.0,22144.0,786.6,510.01
2011-04-28 06:00,75919.0,22343.0,894.19,531.81
2011-04-28 07:00,79539.0,22137.0,962.09,558.1
2011-04-28 08:00,83306.0,22063.0,1021.61,556.51
2011-04-28 09:00,85025.0,21644.0,1073.46,526.07
2011-04-28 10:00,85088.0,21617.0,1081.79,525.98
2011-04-28 11:00,84168.0,21611.0,1057.07,522.94
2011-04-28 12:00,83513.0,21541.0,1064.85,519.79
2011-04-28 13:00,83420.0,21482.0,1060.06,518.32
2011-04-28 14:00,83148.0,21487.0,1057.38,518.0
2011-04-28 15:00,82631.0,21683.0,1047.41,517.75
2011-04-28 16:00,81722.0,21964.0,998.73,519.1
2011-04-28 17:00,80826.0,22136.0,977.33,525.87
2011-04-28 18:00,80388.0,22003.0,964.79,533.64
2011-04-28 19:00,81231.0,21432.0,1002.01,528.66
2011-04-28 20:00,82879.0,20469.0,1004.62,500.48
2011-04-28 21:00,83454.0,20121.0,1047.9,465.06
2011-04-28 22:00,80946.0,19959.0,996.97,461.92
2011-04-28 23:00,77396.0,19932.0,911.12,459.39
2011-04-29 00:00,73856.0,19850.0,823.95,476.18
2011-04-29 01:00,72154.0,19992.0,718.74,478.4
2011-04-29 02:00,70804.0,20002.0,696.83,484.4
2011-04-29 03:00,70814.0,20973.0,707.22,479.47
2011-04-29 04:00,71587.0,21226.0,714.02,521.55
2011-04-29 05:00,73032.0,21519.0,730.25,520.02
2011-04-29 06:00,75233.0,21606.0,830.81,523.59
2011-04-29 07:00,78867.0,21445.0,961.25,554.9
2011-04-29 08:00,82561.0,21403.0,1021.08,560.2
2011-04-29 09:00,84071.0,21324.0,1034.95,559.61
2011-04-29 10:00,84186.0,21351.0,1034.79,558.06
2011-04-29 11:00,83477.0,21272.0,1029.57,556.8
2011-04-29 12:00,82683.0,21215.0,1031.28,549.03
2011-04-29 13:00,82412.0,21133.0,1027.96,539.08
2011-04-29 14:00,81956.0,21175.0,1017.84,539.52
2011-04-29 15:00,81319.0,21324.0,1004.95,533.09
2011-04-29 16:00,80479.0,21577.0,973.11,548.44
2011-04-29 17:00,79831.0,21591.0,956.84,564.76
2011-04-29 18:00,79533.0,21741.0,961.16,559.73
2011-04-29 19:00,80209.0,21206.0,988.32,565.77
2011-04-29 20:00,82003.0,20145.0,990.35,531.69
2011-04-29 21:00,82714.0,19592.0,1003.41,496.71
2011-04-29 22:00,80103.0,19438.0,954.13,486.88
2011-04-29 23:00,75935.0,19185.0,861.85,492.96
2011-04-30 00:00,73660.0,18986.0,871.91,588.65
2011-04-30 01:00,71593.0,19035.0,818.14,588.39
2011-04-30 02:00,70236.0,19197.0,782.01,596.8
2011-04-30 03:00,69968.0,19703.0,774.18,581.58
2011-04-30 04:00,69956.0,20079.0,774.72,605.05
2011-04-30 05:00,70507.0,20633.0,789.85,616.3
2011-04-30 06:00,71677.0,20960.0,839.2,637.64
2011-04-30 07:00,72461.0,20895.0,877.54,648.04
2011-04-30 08:00,74980.0,20870.0,943.78,647.77
2011-04-30 09:00,76625.0,20703.0,969.92,645.55
2011-04-30 10:00,77138.0,20521.0,971.1,635.59
2011-04-30 11:00,76928.0,20402.0,971.46,634.17
2011-04-30 12:00,76382.0,20393.0,971.61,633.94
2011-04-30 13:00,75834.0,20371.0,958.83,641.34
2011-04-30 14:00,75481.0,20479.0,952.32,635.16
2011-04-30 15:00,75151.0,20665.0,940.07,636.76
2011-04-30 16:00,75049.0,20911.0,940.06,644.97
2011-04-30 17:00,75050.0,21115.0,934.17,642.67
2011-04-30 18:00,75429.0,21226.0,949.51,641.77
2011-04-30 19:00,76440.0,20649.0,954.52,641.44
2011-04-30 20:00,78213.0,19693.0,995.39,605.75
2011-04-30 21:00,79434.0,19066.0,1023.89,601.57
2011-04-30 22:00,77465.0,18756.0,1015.38,596.45
2011-04-30 23:00,73811.0,18684.0,902.99,592.59
2011-05-01 00:00,72455.0,18554.0,913.85,565.21
2011-05-01 01:00,70624.0,18610.0,866.49,565.46
2011-05-01 02:00,69126.0,18749.0,814.26,570.2
2011-05-01 03:00,68779.0,19220.0,806.37,573.55
2011-05-01 04:00,68787.0,19526.0,815.32,580.1
2011-05-01 05:00,68885.0,20024.0,818.85,607.04
2011-05-01 06:00,69690.0,20359.0,843.08,609.39
2011-05-01 07:00,69785.0,20439.0,851.57,624.29
2011-05-01 08:00,71801.0,20424.0,883.19,624.3
2011-05-01 09:00,73735.0,20377.0,929.78,623.85
2011-05-01 10:00,74307.0,20236.0,942.48,611.8
2011-05-01 11:00,74086.0,20194.0,940.83,605.4
2011-05-01 12:00,73611.0,20151.0,933.1,605.6
2011-05-01 13:00,73425.0,20025.0,923.76,612.53
2011-05-01 14:00,73221.0,20096.0,920.64,604.78
2011-05-01 15:00,73142.0,20282.0,919.36,607.17
2011-05-01 16:00,73136.0,20469.0,917.41,615.38
2011-05-01 17:00,73394.0,20717.0,917.75,613.16
2011-05-01 18:00,74038.0,20885.0,909.95,630.0
2011-05-01 19:00,75269.0,20430.0,930.89,631.13
2011-05-01 20:00,77229.0,19395.0,986.24,596.57
2011-05-01 21:00,78466.0,18825.0,1051.36,584.24
2011-05-01 22:00,76507.0,18522.0,935.6,576.51
2011-05-01 23:00,73008.0,18376.0,897.49,571.97
2011-05-02 00:00,72371.0,18665.0,918.38,586.51
2011-05-02 01:00,70545.0,18589.0,883.56,584.77
2011-05-02 02:00,69126.0,18709.0,847.78,591.46
2011-05-02 03:00,68778.0,19201.0,843.58,595.83
2011-05-02 04:00,68647.0,19566.0,842.68,605.87
2011-05-02 05:00,68990.0,20045.0,849.07,634.04
2011-05-02 06:00,70114.0,20510.0,862.43,637.96
2011-05-02 07:00,70336.0,20604.0,871.28,655.69
2011-05-02 08:00,72573.0,20567.0,923.41,652.85
2011-05-02 09:00,74702.0,20465.0,962.5,650.0
2011-05-02 10:00,75352.0,20416.0,985.09,637.75
2011-05-02 11:00,75014.0,20373.0,975.89,636.7
2011-05-02 12:00,74597.0,20374.0,959.77,629.11
2011-05-02 13:00,73983.0,20296.0,944.44,636.65
2011-05-02 14:00,74094.0,20336.0,947.67,628.79
2011-05-02 15:00,73779.0,20512.0,941.39,636.38
2011-05-02 16:00,73687.0,20782.0,932.45,638.39
2011-05-02 17:00,73942.0,20955.0,929.35,651.58
2011-05-02 18:00,74715.0,21465.0,939.9,692.38
2011-05-02 19:00,75965.0,20922.0,974.9,698.06
2011-05-02 20:00,77855.0,19846.0,1011.47,639.84
2011-05-02 21:00,79015.0,19232.0,1059.16,616.23
2011-05-02 22:00,76703.0,18844.0,971.71,603.86
2011-05-02 23:00,74106.0,18538.0,930.89,597.6
2011-05-03 00:00,71184.0,19646.0,879.91,463.96
2011-05-03 01:00,69296.0,19780.0,827.59,465.0
2011-05-03 02:00,68138.0,19897.0,793.64,471.16
2011-05-03 03:00,68209.0,20388.0,770.41,506.66
2011-05-03 04:00,68976.0,20551.0,784.71,502.12
2011-05-03 05:00,70673.0,20876.0,841.36,532.85
2011-05-03 06:00,72500.0,21173.0,854.08,534.09
2011-05-03 07:00,76030.0,21148.0,920.6,551.13
2011-05-03 08:00,80058.0,21036.0,993.94,534.63
2011-05-03 09:00,81995.0,20883.0,1044.53,529.04
2011-05-03 10:00,82106.0,20867.0,1052.21,500.19
2011-05-03 11:00,81560.0,20869.0,1022.91,517.56
2011-05-03 12:00,81089.0,20929.0,1034.99,532.44
2011-05-03 13:00,80898.0,20798.0,1038.14,540.82
2011-05-03 14:00,80720.0,20899.0,1030.94,548.07
2011-05-03 15:00,80049.0,21106.0,991.32,553.14
2011-05-03 16:00,79650.0,21259.0,983.47,556.87
2011-05-03 17:00,79079.0,21435.0,973.15,554.76
2011-05-03 18:00,78642.0,21943.0,962.25,601.96
2011-05-03 19:00,79239.0,21173.0,977.32,549.85
2011-05-03 20:00,80613.0,20288.0,994.23,498.38
2011-05-03 21:00,81050.0,19789.0,986.74,481.03
2011-05-03 22:00,78670.0,19534.0,980.46,477.73
2011-05-03 23:00,75256.0,19493.0,909.51,477.12
2011-05-04 00:00,71834.0,19834.0,864.95,422.38
2011-05-04 01:00,70103.0,19971.0,774.91,422.87
2011-05-04 02:00,69183.0,20280.0,763.47,426.05
2011-05-04 03:00,69057.0,20811.0,760.77,458.83
2011-05-04 04:00,69908.0,21306.0,784.74,496.79
2011-05-04 05:00,71390.0,21800.0,816.11,511.92
2011-05-04 06:00,72976.0,22014.0,881.98,516.48
2011-05-04 07:00,76731.0,21599.0,981.48,511.62
2011-05-04 08:00,80654.0,21593.0,1024.53,506.35
2011-05-04 09:00,82341.0,21618.0,1088.74,481.98
2011-05-04 10:00,82547.0,21692.0,1096.41,476.87
2011-05-04 11:00,81695.0,21611.0,1067.38,479.32
2011-05-04 12:00,81260.0,21545.0,1100.15,480.02
2011-05-04 13:00,81146.0,21561.0,1108.52,487.6
2011-05-04 14:00,80769.0,21587.0,1082.49,505.15
2011-05-04 15:00,80127.0,21717.0,1037.03,516.02
2011-05-04 16:00,79912.0,21907.0,1035.85,512.32
2011-05-04 17:00,79497.0,22027.0,1014.16,504.26
2011-05-04 18:00,78827.0,22137.0,998.91,538.81
2011-05-04 19:00,79271.0,21638.0,996.24,510.01
2011-05-04 20:00,80760.0,20822.0,1030.61,464.96
2011-05-04 21:00,81192.0,20225.0,1015.22,438.28
2011-05-04 22:00,78896.0,19947.0,1010.62,437.23
2011-05-04 23:00,75578.0,19846.0,934.01,436.85
2011-05-05 00:00,71712.0,19891.0,864.6,424.85
2011-05-05 01:00,69907.0,20006.0,807.85,425.07
2011-05-05 02:00,69030.0,20307.0,791.2,427.51
2011-05-05 03:00,69145.0,20875.0,772.09,450.25
2011-05-05 04:00,69891.0,21329.0,793.33,474.47
2011-05-05 05:00,71511.0,21853.0,844.74,476.75
2011-05-05 06:00,72711.0,22091.0,885.98,483.28
2011-05-05 07:00,76409.0,22015.0,950.52,496.0
2011-05-05 08:00,80337.0,21870.0,1014.42,490.83
2011-05-05 09:00,82353.0,21821.0,1067.11,498.51
2011-05-05 10:00,82234.0,21739.0,1059.03,489.86
2011-05-05 11:00,81356.0,21772.0,1038.31,474.13
2011-05-05 12:00,80626.0,21725.0,1044.66,475.22
2011-05-05 13:00,80628.0,21663.0,1044.7,498.46
2011-05-05 14:00,80300.0,21702.0,1020.24,491.01
2011-05-05 15:00,79533.0,21772.0,999.85,490.75
2011-05-05 16:00,79609.0,21901.0,1004.87,493.86
2011-05-05 17:00,79189.0,22103.0,984.09,486.18
2011-05-05 18:00,78717.0,22223.0,982.15,496.18
2011-05-05 19:00,79110.0,21746.0,991.37,466.96
2011-05-05 20:00,80497.0,20929.0,1008.56,443.37
2011-05-05 21:00,80690.0,20340.0,1001.93,431.07
2011-05-05 22:00,78482.0,20020.0,1006.41,408.64
2011-05-05 23:00,74977.0,19891.0,927.64,407.58
2011-05-06 00:00,71609.0,19939.0,890.21,409.56
2011-05-06 01:00,69797.0,20101.0,839.22,428.4
2011-05-06 02:00,68896.0,20360.0,812.16,430.22
2011-05-06 03:00,68905.0,20913.0,799.61,431.17
2011-05-06 04:00,69588.0,21454.0,820.37,471.6
2011-05-06 05:00,71132.0,21944.0,872.74,488.02
2011-05-06 06:00,71908.0,22018.0,891.61,504.6
2011-05-06 07:00,75666.0,21775.0,991.42,500.26
2011-05-06 08:00,79694.0,21831.0,1026.0,485.38
2011-05-06 09:00,81451.0,21711.0,1081.26,483.18
2011-05-06 10:00,81667.0,21725.0,1123.39,483.18
2011-05-06 11:00,80869.0,21708.0,1049.22,470.19
2011-05-06 12:00,80268.0,21614.0,1135.67,463.03
2011-05-06 13:00,80146.0,21480.0,1111.5,470.34
2011-05-06 14:00,79694.0,21522.0,1064.8,460.33
2011-05-06 15:00,78807.0,21589.0,1021.78,474.95
2011-05-06 16:00,78775.0,21782.0,1030.74,491.17
2011-05-06 17:00,78369.0,22051.0,1000.78,490.97
2011-05-06 18:00,77578.0,22212.0,987.66,501.78
2011-05-06 19:00,77893.0,21764.0,1008.01,476.71
2011-05-06 20:00,79237.0,20957.0,1013.63,456.1
2011-05-06 21:00,79719.0,20392.0,1002.18,447.51
2011-05-06 22:00,77775.0,20028.0,1003.49,430.89
2011-05-06 23:00,74552.0,19907.0,941.39,429.21
2011-05-07 00:00,71205.0,19666.0,909.26,442.69
2011-05-07 01:00,69555.0,19737.0,868.22,443.44
2011-05-07 02:00,68587.0,19867.0,848.2,447.87
2011-05-07 03:00,68274.0,20210.0,845.85,444.91
2011-05-07 04:00,68334.0,20655.0,843.57,477.15
2011-05-07 05:00,68665.0,21095.0,846.51,505.25
2011-05-07 06:00,68494.0,21325.0,812.9,509.91
2011-05-07 07:00,70397.0,21156.0,881.17,520.99
2011-05-07 08:00,72854.0,21144.0,931.81,531.46
2011-05-07 09:00,74809.0,21031.0,973.03,514.51
2011-05-07 10:00,75450.0,20952.0,967.76,483.37
2011-05-07 11:00,75068.0,20882.0,980.88,482.11
2011-05-07 12:00,74562.0,20903.0,980.31,476.07
2011-05-07 13:00,74081.0,20638.0,963.66,480.09
2011-05-07 14:00,73749.0,20805.0,959.01,478.65
2011-05-07 15:00,73379.0,21005.0,951.68,477.35
2011-05-07 16:00,73302.0,21334.0,947.55,474.33
2011-05-07 17:00,73378.0,21595.0,938.07,476.74
2011-05-07 18:00,73773.0,21852.0,945.65,501.2
2011-05-07 19:00,74781.0,21462.0,944.85,494.47
2011-05-07 20:00,76665.0,20554.0,982.77,475.51
2011-05-07 21:00,77528.0,20083.0,998.72,464.53
2011-05-07 22:00,75445.0,19742.0,965.49,452.05
2011-05-07 23:00,71696.0,19552.0,895.01,444.06
2011-05-08 00:00,70115.0,19542.0,919.3,428.99
2011-05-08 01:00,68365.0,19542.0,873.89,428.47
2011-05-08 02:00,66986.0,19630.0,849.5,432.47
2011-05-08 03:00,66643.0,19885.0,833.25,429.68
2011-05-08 04:00,66751.0,20215.0,832.24,430.02
2011-05-08 05:00,66819.0,20729.0,786.69,446.06
2011-05-08 06:00,67426.0,21034.0,806.03,475.71
2011-05-08 07:00,67788.0,20949.0,814.57,480.7
2011-05-08 08:00,70037.0,21078.0,888.7,486.42
2011-05-08 09:00,71950.0,21030.0,939.43,491.37
2011-05-08 10:00,72828.0,20921.0,957.27,483.61
2011-05-08 11:00,72832.0,20868.0,956.85,469.83
2011-05-08 12:00,72576.0,20830.0,952.57,478.73
2011-05-08 13:00,71887.0,20616.0,932.69,479.74
2011-05-08 14:00,71795.0,20815.0,928.85,478.58
2011-05-08 15:00,71658.0,21001.0,925.88,473.47
2011-05-08 16:00,71845.0,21214.0,932.99,474.86
2011-05-08 17:00,72106.0,21535.0,931.29,491.17
2011-05-08 18:00,72666.0,21732.0,922.53,525.06
2011-05-08 19:00,73551.0,21339.0,931.7,512.82
2011-05-08 20:00,75258.0,20600.0,953.32,472.52
2011-05-08 21:00,76448.0,20026.0,983.38,455.59
2011-05-08 22:00,74881.0,19670.0,936.07,442.91
2011-05-08 23:00,71218.0,19598.0,889.38,439.25
2011-05-09 00:00,69192.0,19776.0,861.93,430.64
2011-05-09 01:00,67535.0,19714.0,829.48,430.31
2011-05-09 02:00,66307.0,19782.0,795.08,431.17
2011-05-09 03:00,66055.0,20027.0,786.05,431.02
2011-05-09 04:00,66086.0,20391.0,785.56,413.35
2011-05-09 05:00,66070.0,20787.0,781.02,438.64
2011-05-09 06:00,66378.0,21094.0,771.45,455.73
2011-05-09 07:00,67170.0,21003.0,791.07,496.23
2011-05-09 08:00,69558.0,20862.0,875.51,494.76
2011-05-09 09:00,71681.0,20815.0,930.73,493.73
2011-05-09 10:00,72619.0,20796.0,939.02,493.36
2011-05-09 11:00,72548.0,20765.0,956.22,490.42
2011-05-09 12:00,72239.0,20781.0,952.79,454.47
2011-05-09 13:00,71583.0,20764.0,931.53,463.92
2011-05-09 14:00,71497.0,20774.0,926.91,474.08
2011-05-09 15:00,71416.0,20900.0,925.24,462.53
2011-05-09 16:00,71623.0,21158.0,935.78,449.19
2011-05-09 17:00,72002.0,21398.0,943.75,460.29
2011-05-09 18:00,72497.0,21664.0,921.84,504.08
2011-05-09 19:00,73317.0,21305.0,935.58,476.83
2011-05-09 20:00,74889.0,20649.0,961.69,464.3
2011-05-09 21:00,76290.0,20095.0,994.35,451.63
2011-05-09 22:00,74819.0,19803.0,971.27,443.63
2011-05-09 23:00,72142.0,19492.0,922.7,432.52
2011-05-10 00:00,69919.0,18518.0,896.85,575.0
2011-05-10 01:00,68436.0,18733.0,853.07,594.08
2011-05-10 02:00,66968.0,18972.0,802.61,602.45
2011-05-10 03:00,67020.0,19866.0,792.4,609.56
2011-05-10 04:00,67841.0,20465.0,799.43,625.85
2011-05-10 05:00,69187.0,21096.0,850.19,658.3
2011-05-10 06:00,70622.0,21393.0,875.86,674.15
2011-05-10 07:00,74891.0,21472.0,964.11,737.15
2011-05-10 08:00,78970.0,21318.0,1031.87,728.67
2011-05-10 09:00,80930.0,21202.0,1110.33,726.31
2011-05-10 10:00,81205.0,21139.0,1105.23,721.38
2011-05-10 11:00,80348.0,21126.0,1039.62,721.68
2011-05-10 12:00,79745.0,21155.0,1045.04,721.9
2011-05-10 13:00,79711.0,20975.0,1032.55,710.53
2011-05-10 14:00,79372.0,20972.0,1010.5,673.81
2011-05-10 15:00,78649.0,21016.0,999.45,664.15
2011-05-10 16:00,78883.0,21163.0,1014.14,656.46
2011-05-10 17:00,78309.0,21230.0,1001.13,650.99
2011-05-10 18:00,77748.0,21393.0,990.96,662.87
2011-05-10 19:00,78104.0,20903.0,1005.3,643.86
2011-05-10 20:00,79326.0,19842.0,1013.07,636.97
2011-05-10 21:00,79846.0,19252.0,1005.66,616.48
2011-05-10 22:00,77793.0,18950.0,992.14,609.18
2011-05-10 23:00,74479.0,18771.0,922.5,602.65
2011-05-11 00:00,70249.0,18656.0,842.14,601.92
2011-05-11 01:00,68488.0,18766.0,771.92,602.95
2011-05-11 02:00,67244.0,19072.0,659.95,613.03
2011-05-11 03:00,67209.0,19903.0,649.32,620.72
2011-05-11 04:00,67880.0,20436.0,664.03,635.15
2011-05-11 05:00,69293.0,20931.0,748.52,656.45
2011-05-11 06:00,70778.0,21185.0,748.47,683.76
2011-05-11 07:00,75185.0,21191.0,894.09,726.03
2011-05-11 08:00,79275.0,21080.0,992.24,722.55
2011-05-11 09:00,80989.0,20996.0,1040.73,721.58
2011-05-11 10:00,80992.0,20994.0,1017.7,722.54
2011-05-11 11:00,80274.0,20965.0,1008.74,722.57
2011-05-11 12:00,79655.0,20885.0,1023.87,707.65
2011-05-11 13:00,79583.0,20834.0,1016.86,716.98
2011-05-11 14:00,79291.0,20826.0,1001.31,673.65
2011-05-11 15:00,78570.0,20954.0,977.89,672.14
2011-05-11 16:00,78788.0,21000.0,993.36,659.47
2011-05-11 17:00,78269.0,21082.0,980.8,654.93
2011-05-11 18:00,77584.0,21253.0,970.07,665.29
2011-05-11 19:00,77890.0,20879.0,978.3,660.24
2011-05-11 20:00,79206.0,19812.0,992.72,624.9
2011-05-11 21:00,79892.0,19278.0,989.79,611.97
2011-05-11 22:00,77541.0,18962.0,978.04,602.65
2011-05-11 23:00,74211.0,18773.0,914.26,596.05
2011-05-12 00:00,70286.0,19269.0,826.31,476.21
2011-05-12 01:00,68498.0,19362.0,719.71,480.9
2011-05-12 02:00,67399.0,19447.0,663.26,482.06
2011-05-12 03:00,67480.0,20060.0,662.14,486.35
2011-05-12 04:00,67980.0,20576.0,681.9,506.99
2011-05-12 05:00,69666.0,20917.0,717.48,576.61
2011-05-12 06:00,71384.0,21221.0,738.08,665.59
2011-05-12 07:00,75904.0,21178.0,933.41,679.24
2011-05-12 08:00,79753.0,21070.0,1016.16,677.06
2011-05-12 09:00,81858.0,20954.0,1106.99,673.99
2011-05-12 10:00,81828.0,20906.0,1089.43,672.85
2011-05-12 11:00,80968.0,20854.0,1039.46,667.07
2011-05-12 12:00,80458.0,20765.0,1087.23,659.4
2011-05-12 13:00,80304.0,20659.0,1098.43,662.99
2011-05-12 14:00,79863.0,20618.0,1061.14,565.18
2011-05-12 15:00,79158.0,20671.0,1010.74,571.9
2011-05-12 16:00,78955.0,20768.0,995.83,555.04
2011-05-12 17:00,78457.0,20863.0,990.27,538.22
2011-05-12 18:00,77440.0,20978.0,967.68,549.22
2011-05-12 19:00,77619.0,20663.0,971.51,538.7
2011-05-12 20:00,78346.0,19954.0,982.03,516.68
2011-05-12 21:00,79060.0,19300.0,986.67,485.23
2011-05-12 22:00,77161.0,18977.0,979.34,469.79
2011-05-12 23:00,73801.0,18746.0,915.75,462.24
2011-05-13 00:00,70463.0,19368.0,847.06,450.74
2011-05-13 01:00,68666.0,19483.0,788.74,461.46
2011-05-13 02:00,67579.0,19570.0,761.98,465.38
2011-05-13 03:00,67601.0,20137.0,751.39,474.94
2011-05-13 04:00,68207.0,20545.0,754.71,499.78
2011-05-13 05:00,69611.0,20916.0,775.58,525.49
2011-05-13 06:00,71680.0,21019.0,842.21,567.49
2011-05-13 07:00,75896.0,21000.0,966.51,638.81
2011-05-13 08:00,79894.0,20771.0,1037.69,556.7
2011-05-13 09:00,81760.0,20641.0,1145.01,545.12
2011-05-13 10:00,81531.0,20699.0,1142.51,547.31
2011-05-13 11:00,80762.0,20670.0,1135.55,533.12
2011-05-13 12:00,80392.0,20602.0,1159.72,524.37
2011-05-13 13:00,80215.0,20296.0,1136.56,514.63
2011-05-13 14:00,79757.0,20267.0,1132.0,509.63
2011-05-13 15:00,78928.0,20294.0,1071.99,517.49
2011-05-13 16:00,78596.0,20340.0,1036.36,516.7
2011-05-13 17:00,78048.0,20661.0,998.57,519.18
2011-05-13 18:00,77356.0,20937.0,983.73,511.95
2011-05-13 19:00,77537.0,20764.0,988.83,502.56
2011-05-13 20:00,78221.0,19896.0,992.91,485.02
2011-05-13 21:00,79080.0,19244.0,1001.48,464.49
2011-05-13 22:00,77365.0,19096.0,996.16,452.63
2011-05-13 23:00,73763.0,18988.0,919.79,450.59
2011-05-14 00:00,70579.0,18940.0,887.0,416.38
2011-05-14 01:00,68901.0,18956.0,844.81,417.76
2011-05-14 02:00,67759.0,19073.0,811.61,415.59
2011-05-14 03:00,67671.0,19421.0,807.79,424.15
2011-05-14 04:00,67663.0,19841.0,803.18,444.36
2011-05-14 05:00,68090.0,20296.0,801.54,464.04
2011-05-14 06:00,69073.0,20563.0,824.29,487.76
2011-05-14 07:00,70551.0,20531.0,871.4,497.49
2011-05-14 08:00,73399.0,20448.0,985.51,497.29
2011-05-14 09:00,75349.0,20297.0,1015.39,488.04
2011-05-14 10:00,75992.0,20210.0,1024.92,496.05
2011-05-14 11:00,75757.0,20167.0,1016.17,494.96
2011-05-14 12:00,75519.0,20133.0,1008.27,483.81
2011-05-14 13:00,74882.0,19908.0,990.15,487.78
2011-05-14 14:00,74423.0,19956.0,980.35,480.23
2011-05-14 15:00,73814.0,19968.0,955.53,515.72
2011-05-14 16:00,73643.0,20162.0,948.31,527.06
2011-05-14 17:00,73685.0,20375.0,939.67,529.96
2011-05-14 18:00,73745.0,20421.0,906.75,680.07
2011-05-14 19:00,74419.0,20128.0,934.86,634.64
2011-05-14 20:00,76090.0,19500.0,971.9,519.25
2011-05-14 21:00,77390.0,19125.0,997.17,471.29
2011-05-14 22:00,75725.0,19033.0,975.9,463.55
2011-05-14 23:00,71958.0,18874.0,877.58,445.3
2011-05-15 00:00,69161.0,18911.0,839.29,470.3
2011-05-15 01:00,67598.0,18855.0,800.03,469.38
2011-05-15 02:00,66795.0,18877.0,788.28,472.59
2011-05-15 03:00,66318.0,19134.0,729.57,467.57
2011-05-15 04:00,66130.0,19435.0,715.39,482.72
2011-05-15 05:00,66324.0,19797.0,712.16,500.77
2011-05-15 06:00,66961.0,19942.0,659.36,518.59
2011-05-15 07:00,68101.0,20133.0,738.52,530.15
2011-05-15 08:00,70103.0,20076.0,833.28,523.34
2011-05-15 09:00,72031.0,19960.0,899.01,493.71
2011-05-15 10:00,73218.0,19847.0,940.97,481.36
2011-05-15 11:00,73191.0,19807.0,937.31,480.57
2011-05-15 12:00,72913.0,19778.0,918.47,487.43
2011-05-15 13:00,72121.0,19730.0,878.9,486.14
2011-05-15 14:00,71824.0,19862.0,872.5,520.61
2011-05-15 15:00,71547.0,20015.0,862.43,535.71
2011-05-15 16:00,71643.0,20158.0,859.15,527.29
2011-05-15 17:00,71848.0,20476.0,856.53,538.57
2011-05-15 18:00,72104.0,20537.0,857.79,542.57
2011-05-15 19:00,72853.0,20242.0,868.17,517.93
2011-05-15 20:00,74790.0,19522.0,927.34,484.09
2011-05-15 21:00,76320.0,18998.0,958.13,477.05
2011-05-15 22:00,74506.0,18721.0,938.56,474.26
2011-05-15 23:00,72030.0,18759.0,873.06,465.77
2011-05-16 00:00,69424.0,18249.0,874.21,563.31
2011-05-16 01:00,67556.0,18256.0,839.64,563.83
2011-05-16 02:00,66716.0,18505.0,802.33,573.35
2011-05-16 03:00,66789.0,19380.0,793.49,595.19
2011-05-16 04:00,67324.0,20033.0,772.47,609.18
2011-05-16 05:00,68707.0,20700.0,836.48,650.15
2011-05-16 06:00,70330.0,21206.0,872.82,675.87
2011-05-16 07:00,74787.0,21265.0,974.33,708.58
2011-05-16 08:00,79353.0,21024.0,1045.32,672.63
2011-05-16 09:00,81439.0,20844.0,1131.85,670.72
2011-05-16 10:00,81860.0,20819.0,1149.01,671.47
2011-05-16 11:00,80837.0,20722.0,1086.72,659.11
2011-05-16 12:00,80522.0,20644.0,1113.6,655.88
2011-05-16 13:00,80329.0,20583.0,1111.08,669.55
2011-05-16 14:00,79895.0,20642.0,1061.23,675.15
2011-05-16 15:00,79120.0,20754.0,1016.14,678.39
2011-05-16 16:00,78645.0,20839.0,1005.97,759.09
2011-05-16 17:00,78023.0,21037.0,990.89,757.78
2011-05-16 18:00,77211.0,21057.0,981.85,675.46
2011-05-16 19:00,77316.0,20695.0,982.75,663.01
2011-05-16 20:00,78365.0,19619.0,991.41,612.57
2011-05-16 21:00,79111.0,19002.0,989.17,597.0
2011-05-16 22:00,77363.0,18667.0,1010.85,581.49
2011-05-16 23:00,73873.0,18522.0,954.6,576.51
2011-05-17 00:00,70805.0,18268.0,855.63,585.46
2011-05-17 01:00,69268.0,18423.0,829.04,588.45
2011-05-17 02:00,67935.0,18676.0,772.86,598.51
2011-05-17 03:00,67880.0,19506.0,721.18,612.21
2011-05-17 04:00,68485.0,20080.0,726.89,642.78
2011-05-17 05:00,69496.0,20641.0,811.39,661.06
2011-05-17 06:00,71019.0,21080.0,855.68,684.5
2011-05-17 07:00,75797.0,21127.0,986.33,690.13
2011-05-17 08:00,79730.0,21026.0,1044.65,680.95
2011-05-17 09:00,81600.0,20929.0,1137.1,680.17
2011-05-17 10:00,81880.0,20888.0,1146.48,679.15
2011-05-17 11:00,81029.0,20822.0,1112.4,673.77
2011-05-17 12:00,80171.0,20778.0,1116.64,672.99
2011-05-17 13:00,79964.0,20694.0,1109.28,675.9
2011-05-17 14:00,79638.0,20697.0,1104.4,675.05
2011-05-17 15:00,78776.0,20683.0,1061.25,677.58
2011-05-17 16:00,78603.0,20768.0,1057.5,679.22
2011-05-17 17:00,78068.0,20908.0,1013.29,682.14
2011-05-17 18:00,77118.0,20866.0,1005.11,678.09
2011-05-17 19:00,77176.0,20561.0,1003.76,674.99
2011-05-17 20:00,78205.0,19456.0,1008.7,638.22
2011-05-17 21:00,79124.0,18855.0,1020.21,609.61
2011-05-17 22:00,77370.0,18535.0,1032.08,605.71
2011-05-17 23:00,73903.0,18313.0,971.12,596.39
2011-05-18 00:00,70833.0,17972.0,862.69,504.27
2011-05-18 01:00,68956.0,18080.0,819.39,502.61
2011-05-18 02:00,67656.0,18282.0,760.89,506.6
2011-05-18 03:00,67629.0,19070.0,775.92,540.2
2011-05-18 04:00,68202.0,19763.0,765.78,584.65
2011-05-18 05:00,69680.0,20291.0,824.89,602.67
2011-05-18 06:00,71183.0,20562.0,844.28,622.33
2011-05-18 07:00,75755.0,20570.0,990.34,680.81
2011-05-18 08:00,79772.0,20427.0,1042.59,620.74
2011-05-18 09:00,81546.0,20318.0,1131.77,617.32
2011-05-18 10:00,81844.0,20356.0,1139.0,628.48
2011-05-18 11:00,80968.0,20313.0,1104.7,608.07
2011-05-18 12:00,80316.0,20370.0,1118.81,606.4
2011-05-18 13:00,80210.0,20387.0,1117.38,655.7
2011-05-18 14:00,79863.0,20336.0,1089.98,622.21
2011-05-18 15:00,78760.0,20355.0,1073.06,623.43
2011-05-18 16:00,78488.0,20439.0,1065.97,624.12
2011-05-18 17:00,77852.0,20621.0,1004.54,706.47
2011-05-18 18:00,77113.0,20785.0,989.7,641.63
2011-05-18 19:00,77034.0,20402.0,988.77,665.67
2011-05-18 20:00,77938.0,19338.0,1008.84,590.57
2011-05-18 21:00,79018.0,18652.0,1011.21,558.93
2011-05-18 22:00,77402.0,18302.0,1056.47,545.33
2011-05-18 23:00,73780.0,18121.0,970.92,539.92
2011-05-19 00:00,70519.0,18113.0,888.44,498.89
2011-05-19 01:00,68818.0,18223.0,821.4,501.84
2011-05-19 02:00,67270.0,18408.0,794.08,526.79
2011-05-19 03:00,67326.0,19242.0,730.23,552.32
2011-05-19 04:00,67780.0,20040.0,749.61,594.07
2011-05-19 05:00,68990.0,20563.0,852.29,612.86
2011-05-19 06:00,70792.0,20812.0,876.69,637.25
2011-05-19 07:00,75321.0,20780.0,1000.79,683.94
2011-05-19 08:00,79441.0,20613.0,1040.34,670.07
2011-05-19 09:00,81272.0,20511.0,1113.61,625.28
2011-05-19 10:00,81448.0,20500.0,1121.68,620.26
2011-05-19 11:00,80567.0,20463.0,1091.9,609.13
2011-05-19 12:00,80122.0,20444.0,1114.82,617.0
2011-05-19 13:00,80010.0,20416.0,1116.01,652.13
2011-05-19 14:00,79586.0,20355.0,1098.1,618.1
2011-05-19 15:00,78705.0,20366.0,1086.1,619.0
2011-05-19 16:00,78527.0,20476.0,1076.61,647.12
2011-05-19 17:00,77877.0,20561.0,1064.79,640.98
2011-05-19 18:00,77138.0,20717.0,1012.87,636.67
2011-05-19 19:00,76921.0,20392.0,1008.34,658.89
2011-05-19 20:00,77893.0,19264.0,1015.06,585.57
2011-05-19 21:00,78849.0,18585.0,1023.09,559.77
2011-05-19 22:00,77202.0,18200.0,1094.15,504.31
2011-05-19 23:00,73620.0,18052.0,988.8,504.47
2011-05-20 00:00,70141.0,17822.0,887.23,526.64
2011-05-20 01:00,68147.0,17994.0,819.6,526.86
2011-05-20 02:00,66831.0,18271.0,741.13,535.12
2011-05-20 03:00,66677.0,19057.0,704.81,548.23
2011-05-20 04:00,66959.0,19743.0,719.49,572.2
2011-05-20 05:00,68282.0,20314.0,849.65,601.77
2011-05-20 06:00,70397.0,20548.0,876.86,658.6
2011-05-20 07:00,75034.0,20578.0,1015.81,688.12
2011-05-20 08:00,78778.0,20361.0,1062.73,647.28
2011-05-20 09:00,80630.0,20280.0,1121.32,633.48
2011-05-20 10:00,80759.0,20264.0,1126.61,666.58
2011-05-20 11:00,79934.0,20154.0,1107.17,622.19
2011-05-20 12:00,79486.0,20096.0,1117.12,600.08
2011-05-20 13:00,79407.0,19978.0,1114.38,601.58
2011-05-20 14:00,78992.0,19934.0,1110.72,588.52
2011-05-20 15:00,78251.0,19978.0,1093.6,589.6
2011-05-20 16:00,78076.0,20068.0,1088.89,599.85
2011-05-20 17:00,77342.0,20268.0,1079.44,602.53
2011-05-20 18:00,76392.0,20330.0,1023.37,601.59
2011-05-20 19:00,76310.0,20106.0,1013.21,639.89
2011-05-20 20:00,77245.0,18978.0,1027.93,575.83
2011-05-20 21:00,78406.0,18352.0,1061.76,552.17
2011-05-20 22:00,76903.0,18049.0,1095.74,531.79
2011-05-20 23:00,73555.0,17904.0,979.54,525.69
2011-05-21 00:00,69737.0,18423.0,960.66,483.92
2011-05-21 01:00,67894.0,18449.0,907.25,484.54
2011-05-21 02:00,67037.0,18470.0,889.82,486.7
2011-05-21 03:00,67182.0,18905.0,888.04,487.69
2011-05-21 04:00,66952.0,19158.0,869.21,506.64
2011-05-21 05:00,67062.0,19396.0,880.27,531.34
2011-05-21 06:00,67955.0,19754.0,866.52,548.49
2011-05-21 07:00,69682.0,19772.0,946.18,560.0
2011-05-21 08:00,72677.0,19761.0,1016.28,552.85
2011-05-21 09:00,74725.0,19558.0,1063.21,541.41
2011-05-21 10:00,75394.0,19478.0,1114.83,550.79
2011-05-21 11:00,75192.0,19409.0,1099.51,534.34
2011-05-21 12:00,74810.0,19362.0,1080.45,540.79
2011-05-21 13:00,74375.0,19368.0,1057.26,550.5
2011-05-21 14:00,73834.0,19458.0,1036.1,555.27
2011-05-21 15:00,73315.0,19544.0,1025.59,563.13
2011-05-21 16:00,73183.0,19672.0,1025.4,570.57
2011-05-21 17:00,73112.0,19895.0,1014.81,569.36
2011-05-21 18:00,73214.0,20321.0,1013.1,637.6
2011-05-21 19:00,73366.0,20194.0,1016.0,656.77
2011-05-21 20:00,74735.0,19142.0,1022.18,527.71
2011-05-21 21:00,76143.0,18546.0,1104.65,508.74
2011-05-21 22:00,75076.0,18285.0,1136.27,493.31
2011-05-21 23:00,71337.0,18244.0,983.14,492.75
2011-05-22 00:00,68697.0,18255.0,921.99,418.37
2011-05-22 01:00,66688.0,18237.0,874.24,420.26
2011-05-22 02:00,65192.0,18279.0,860.02,429.66
2011-05-22 03:00,65351.0,18493.0,865.26,422.56
2011-05-22 04:00,65439.0,18924.0,877.17,430.35
2011-05-22 05:00,65617.0,19450.0,882.75,437.35
2011-05-22 06:00,66631.0,19814.0,881.74,476.22
2011-05-22 07:00,68041.0,19742.0,895.82,494.07
2011-05-22 08:00,69290.0,19746.0,911.45,494.99
2011-05-22 09:00,71578.0,19687.0,998.2,493.47
2011-05-22 10:00,72577.0,19476.0,1018.51,479.2
2011-05-22 11:00,72679.0,19381.0,1018.99,473.23
2011-05-22 12:00,72344.0,19547.0,1016.52,470.63
2011-05-22 13:00,71942.0,19458.0,995.57,472.84
2011-05-22 14:00,71760.0,19525.0,989.66,473.75
2011-05-22 15:00,71545.0,19462.0,987.94,491.53
2011-05-22 16:00,71625.0,19635.0,982.76,487.01
2011-05-22 17:00,71798.0,19908.0,985.83,484.96
2011-05-22 18:00,72158.0,20012.0,991.44,500.85
2011-05-22 19:00,72619.0,19747.0,996.92,513.25
2011-05-22 20:00,74272.0,19224.0,1006.07,474.07
2011-05-22 21:00,75634.0,18657.0,1016.6,453.38
2011-05-22 22:00,73989.0,18550.0,1066.53,446.86
2011-05-22 23:00,71357.0,18414.0,974.28,443.75
2011-05-23 00:00,69132.0,17987.0,941.29,479.54
2011-05-23 01:00,66853.0,18057.0,877.75,480.7
2011-05-23 02:00,66269.0,18133.0,867.19,484.11
2011-05-23 03:00,66224.0,18772.0,875.94,496.58
2011-05-23 04:00,66571.0,19443.0,884.87,542.99
2011-05-23 05:00,68037.0,19907.0,903.31,553.24
2011-05-23 06:00,69868.0,20216.0,945.07,566.26
2011-05-23 07:00,74766.0,20268.0,1057.29,670.54
2011-05-23 08:00,78832.0,20095.0,1130.6,592.11
2011-05-23 09:00,80841.0,19964.0,1267.33,571.86
2011-05-23 10:00,81056.0,19941.0,1289.28,582.32
2011-05-23 11:00,80393.0,19803.0,1232.86,569.78
2011-05-23 12:00,79802.0,19749.0,1253.49,568.98
2011-05-23 13:00,79908.0,19667.0,1279.0,573.14
2011-05-23 14:00,79523.0,19706.0,1222.05,573.97
2011-05-23 15:00,78620.0,19900.0,1169.51,577.24
2011-05-23 16:00,78808.0,20015.0,1178.15,580.21
2011-05-23 17:00,78139.0,20086.0,1141.51,570.66
2011-05-23 18:00,76803.0,20222.0,1075.41,572.53
2011-05-23 19:00,76594.0,19884.0,1073.71,583.53
2011-05-23 20:00,76999.0,19160.0,1068.82,551.19
2011-05-23 21:00,78168.0,18504.0,1063.91,513.46
2011-05-23 22:00,76797.0,18291.0,1071.77,484.63
2011-05-23 23:00,73832.0,18103.0,1035.65,487.48
2011-05-24 00:00,70158.0,18161.0,921.72,472.63
2011-05-24 01:00,67547.0,18256.0,851.79,473.91
2011-05-24 02:00,66754.0,18360.0,826.34,478.81
2011-05-24 03:00,66800.0,18834.0,854.46,487.02
2011-05-24 04:00,67081.0,19434.0,850.95,548.95
2011-05-24 05:00,68328.0,19868.0,865.18,558.74
2011-05-24 06:00,69746.0,20237.0,560.34,569.71
2011-05-24 07:00,74598.0,20211.0,1022.56,587.89
2011-05-24 08:00,78588.0,20040.0,1076.85,590.26
2011-05-24 09:00,80297.0,19891.0,1164.4,571.4
2011-05-24 10:00,80309.0,19961.0,1162.32,624.28
2011-05-24 11:00,79584.0,19945.0,1112.09,655.71
2011-05-24 12:00,79039.0,19961.0,1157.84,576.25
2011-05-24 13:00,79140.0,19836.0,1165.52,578.32
2011-05-24 14:00,79124.0,19824.0,1162.15,575.92
2011-05-24 15:00,78347.0,19793.0,1140.59,576.74
2011-05-24 16:00,78650.0,19817.0,1155.49,573.53
2011-05-24 17:00,78028.0,19924.0,1132.58,568.09
2011-05-24 18:00,76661.0,20084.0,1086.07,605.36
2011-05-24 19:00,76466.0,19886.0,1069.24,662.95
2011-05-24 20:00,76626.0,19196.0,1043.05,538.19
2011-05-24 21:00,77459.0,18438.0,1040.95,507.89
2011-05-24 22:00,76648.0,18064.0,1127.08,483.33
2011-05-24 23:00,73287.0,17938.0,1026.89,480.12
2011-05-25 00:00,69983.0,18208.0,947.97,417.41
2011-05-25 01:00,67925.0,18312.0,868.91,423.33
2011-05-25 02:00,66885.0,18599.0,861.78,453.13
2011-05-25 03:00,66714.0,19279.0,863.84,466.82
2011-05-25 04:00,66995.0,19886.0,869.83,510.7
2011-05-25 05:00,68454.0,20396.0,889.89,531.42
2011-05-25 06:00,69912.0,20623.0,914.86,540.01
2011-05-25 07:00,74942.0,20621.0,1029.56,541.63
2011-05-25 08:00,78977.0,20497.0,1091.47,539.49
2011-05-25 09:00,80923.0,20390.0,1203.52,536.9
2011-05-25 10:00,81310.0,20398.0,1240.55,538.45
2011-05-25 11:00,80574.0,20321.0,1182.47,530.96
2011-05-25 12:00,80001.0,20252.0,1212.82,522.87
2011-05-25 13:00,80204.0,20115.0,1227.94,521.65
2011-05-25 14:00,79942.0,20068.0,1197.26,523.63
2011-05-25 15:00,78963.0,20062.0,1158.59,521.43
2011-05-25 16:00,79152.0,20104.0,1169.51,519.33
2011-05-25 17:00,78455.0,20352.0,1149.19,518.28
2011-05-25 18:00,77264.0,20527.0,1108.12,534.71
2011-05-25 19:00,76873.0,20123.0,1074.12,543.83
2011-05-25 20:00,77195.0,19536.0,1051.79,479.38
2011-05-25 21:00,77989.0,18717.0,1048.54,458.05
2011-05-25 22:00,77029.0,18373.0,1121.61,421.7
2011-05-25 23:00,73178.0,18187.0,1003.62,423.19
2011-05-26 00:00,69930.0,18096.0,977.5,462.75
2011-05-26 01:00,68036.0,18171.0,912.69,463.05
2011-05-26 02:00,66998.0,18450.0,881.22,466.82
2011-05-26 03:00,66894.0,19127.0,881.53,479.13
2011-05-26 04:00,67314.0,19490.0,883.29,518.68
2011-05-26 05:00,68638.0,19838.0,959.18,538.56
2011-05-26 06:00,70147.0,20385.0,949.46,540.73
2011-05-26 07:00,75007.0,20321.0,1072.21,542.38
2011-05-26 08:00,79161.0,20022.0,1127.37,545.13
2011-05-26 09:00,81284.0,19932.0,1191.34,543.35
2011-05-26 10:00,81472.0,19916.0,1218.48,539.39
2011-05-26 11:00,80601.0,19812.0,1158.87,540.23
2011-05-26 12:00,79934.0,19804.0,1190.38,540.77
2011-05-26 13:00,80169.0,19639.0,1223.96,535.55
2011-05-26 14:00,79885.0,19645.0,1181.45,538.38
2011-05-26 15:00,79148.0,19658.0,1133.96,539.92
2011-05-26 16:00,79422.0,19820.0,1140.04,540.07
2011-05-26 17:00,78739.0,19847.0,1128.51,515.01
2011-05-26 18:00,77457.0,19944.0,1102.15,531.43
2011-05-26 19:00,76897.0,19648.0,1085.66,540.35
2011-05-26 20:00,77220.0,19014.0,1089.06,492.53
2011-05-26 21:00,78094.0,18486.0,1096.14,473.16
2011-05-26 22:00,76832.0,18322.0,1116.8,467.71
2011-05-26 23:00,73314.0,18139.0,1029.06,454.04
2011-05-27 00:00,69876.0,18258.0,983.74,463.97
2011-05-27 01:00,67678.0,18372.0,917.96,466.92
2011-05-27 02:00,66770.0,18639.0,895.31,468.68
2011-05-27 03:00,66425.0,19085.0,879.58,478.98
2011-05-27 04:00,66752.0,19315.0,876.71,524.96
2011-05-27 05:00,68086.0,19799.0,902.42,533.54
2011-05-27 06:00,69848.0,20204.0,942.9,533.91
2011-05-27 07:00,74717.0,20201.0,1053.96,535.72
2011-05-27 08:00,78640.0,19891.0,1083.77,597.08
2011-05-27 09:00,80689.0,19790.0,1165.66,575.18
2011-05-27 10:00,81036.0,19778.0,1191.17,563.93
2011-05-27 11:00,80166.0,19674.0,1141.76,562.59
2011-05-27 12:00,79555.0,19694.0,1174.37,554.56
2011-05-27 13:00,79770.0,19563.0,1198.47,555.24
2011-05-27 14:00,79432.0,19524.0,1163.41,545.45
2011-05-27 15:00,78661.0,19539.0,1123.95,547.25
2011-05-27 16:00,78794.0,19580.0,1127.22,544.26
2011-05-27 17:00,78107.0,19795.0,1099.95,528.73
2011-05-27 18:00,76735.0,19816.0,1078.03,548.39
2011-05-27 19:00,76264.0,20080.0,1063.0,587.14
2011-05-27 20:00,76645.0,19074.0,1058.26,532.2
2011-05-27 21:00,77822.0,18636.0,1074.82,510.5
2011-05-27 22:00,76745.0,18257.0,1095.38,513.64
2011-05-27 23:00,73099.0,18121.0,1016.13,498.53
2011-05-28 00:00,69194.0,17671.0,968.67,483.78
2011-05-28 01:00,67018.0,17728.0,935.84,494.6
2011-05-28 02:00,66240.0,17841.0,926.28,496.17
2011-05-28 03:00,65485.0,18090.0,892.46,497.4
2011-05-28 04:00,64768.0,18477.0,868.3,500.36
2011-05-28 05:00,65136.0,18897.0,874.71,512.01
2011-05-28 06:00,66693.0,19306.0,904.1,537.09
2011-05-28 07:00,69482.0,19411.0,963.7,556.12
2011-05-28 08:00,72188.0,19338.0,1023.15,554.32
2011-05-28 09:00,74226.0,19328.0,1042.1,552.42
2011-05-28 10:00,74720.0,19192.0,1048.7,552.13
2011-05-28 11:00,74514.0,19089.0,1040.68,545.93
2011-05-28 12:00,74194.0,19046.0,1041.87,543.18
2011-05-28 13:00,73835.0,18964.0,1036.82,534.73
2011-05-28 14:00,73682.0,19028.0,1031.53,546.49
2011-05-28 15:00,73162.0,18988.0,1025.63,537.94
2011-05-28 16:00,72852.0,19114.0,1023.18,538.78
2011-05-28 17:00,72922.0,19648.0,1024.06,576.2
2011-05-28 18:00,72919.0,20061.0,1026.16,577.84
2011-05-28 19:00,72778.0,19762.0,1013.03,589.81
2011-05-28 20:00,73728.0,19035.0,1015.12,565.75
2011-05-28 21:00,75054.0,18098.0,1028.54,531.39
2011-05-28 22:00,74127.0,17750.0,1017.41,511.88
2011-05-28 23:00,70763.0,17640.0,995.72,509.59
2011-05-29 00:00,67158.0,17479.0,947.94,503.56
2011-05-29 01:00,65567.0,17469.0,908.08,510.68
2011-05-29 02:00,64917.0,17590.0,891.3,511.88
2011-05-29 03:00,64602.0,17763.0,884.21,498.72
2011-05-29 04:00,64239.0,18214.0,886.65,513.19
2011-05-29 05:00,64150.0,18638.0,896.28,518.48
2011-05-29 06:00,65027.0,19122.0,901.23,537.14
2011-05-29 07:00,66830.0,19203.0,911.89,567.8
2011-05-29 08:00,68588.0,19173.0,961.9,663.69
2011-05-29 09:00,70804.0,19082.0,995.55,574.98
2011-05-29 10:00,72040.0,18933.0,1016.16,567.03
2011-05-29 11:00,72172.0,18865.0,1021.74,584.31
2011-05-29 12:00,72081.0,18858.0,1021.54,567.94
2011-05-29 13:00,71853.0,18804.0,1016.09,567.5
2011-05-29 14:00,71653.0,18915.0,1009.65,588.79
2011-05-29 15:00,71436.0,18917.0,1008.64,602.98
2011-05-29 16:00,71537.0,19076.0,1002.74,566.29
2011-05-29 17:00,71726.0,19294.0,1004.43,546.59
2011-05-29 18:00,72106.0,19641.0,1007.36,603.84
2011-05-29 19:00,72478.0,19623.0,1002.93,630.39
2011-05-29 20:00,73481.0,18665.0,1012.88,558.16
2011-05-29 21:00,74892.0,17909.0,1034.86,529.12
2011-05-29 22:00,73462.0,17618.0,1019.44,512.44
2011-05-29 23:00,70936.0,17532.0,1002.54,511.22
2011-05-30 00:00,68798.0,17265.0,1009.2,518.39
2011-05-30 01:00,66363.0,17307.0,955.14,517.54
2011-05-30 02:00,65731.0,17751.0,930.06,531.73
2011-05-30 03:00,65417.0,18328.0,912.96,537.13
2011-05-30 04:00,65979.0,19165.0,927.55,593.31
2011-05-30 05:00,67297.0,19692.0,955.1,608.03
2011-05-30 06:00,68898.0,20249.0,948.07,627.43
2011-05-30 07:00,73751.0,20205.0,1021.59,619.85
2011-05-30 08:00,77883.0,20018.0,1048.23,615.45
2011-05-30 09:00,80154.0,19861.0,1110.07,713.98
2011-05-30 10:00,80760.0,19862.0,1135.94,705.19
2011-05-30 11:00,79940.0,19746.0,1116.22,698.31
2011-05-30 12:00,79380.0,19600.0,1082.6,631.45
2011-05-30 13:00,79611.0,19381.0,1097.63,584.98
2011-05-30 14:00,79291.0,19404.0,1085.06,585.48
2011-05-30 15:00,78374.0,19411.0,1064.05,583.41
2011-05-30 16:00,78532.0,19407.0,1084.91,571.0
2011-05-30 17:00,77856.0,19568.0,1064.02,576.48
2011-05-30 18:00,76381.0,20042.0,1039.21,601.31
2011-05-30 19:00,76006.0,19789.0,1034.4,615.76
2011-05-30 20:00,76279.0,18734.0,1034.85,560.51
2011-05-30 21:00,76985.0,18036.0,1038.5,539.08
2011-05-30 22:00,75953.0,17686.0,1057.82,533.75
2011-05-30 23:00,72509.0,17612.0,1014.55,532.35
2011-05-31 00:00,69037.0,17808.0,970.91,491.88
2011-05-31 01:00,66736.0,17834.0,921.8,491.92
2011-05-31 02:00,65898.0,18120.0,900.16,494.02
2011-05-31 03:00,65416.0,18785.0,894.6,505.78
2011-05-31 04:00,65797.0,19140.0,904.1,511.37
2011-05-31 05:00,67328.0,19564.0,971.92,510.37
2011-05-31 06:00,68941.0,19971.0,982.46,509.36
2011-05-31 07:00,73625.0,19839.0,1040.92,520.84
2011-05-31 08:00,77841.0,19754.0,1075.81,528.01
2011-05-31 09:00,80117.0,19574.0,1117.99,528.67
2011-05-31 10:00,80445.0,19516.0,1136.25,531.27
2011-05-31 11:00,79696.0,19450.0,1115.05,529.69
2011-05-31 12:00,78900.0,19346.0,1123.24,529.98
2011-05-31 13:00,79152.0,19363.0,1134.08,529.87
2011-05-31 14:00,78824.0,19554.0,1119.05,526.7
2011-05-31 15:00,77920.0,19509.0,1107.89,542.17
2011-05-31 16:00,77932.0,19550.0,1092.99,530.55
2011-05-31 17:00,77407.0,19771.0,1091.62,529.12
2011-05-31 18:00,76252.0,19943.0,1078.4,539.23
2011-05-31 19:00,75754.0,19781.0,1066.69,583.34
2011-05-31 20:00,75644.0,18832.0,1041.93,528.8
2011-05-31 21:00,76614.0,18200.0,1041.28,508.09
2011-05-31 22:00,75827.0,17872.0,1058.19,503.83
2011-05-31 23:00,72567.0,17668.0,1032.69,488.55
2011-06-01 00:00,68807.0,17330.0,991.56,495.67
2011-06-01 01:00,66401.0,17414.0,940.51,495.92
2011-06-01 02:00,65416.0,17721.0,907.83,504.26
2011-06-01 03:00,65178.0,18346.0,890.07,519.22
2011-06-01 04:00,65474.0,18836.0,880.29,552.98
2011-06-01 05:00,66794.0,19476.0,910.66,543.26
2011-06-01 06:00,68911.0,19734.0,933.79,545.94
2011-06-01 07:00,73625.0,19623.0,1038.96,583.76
2011-06-01 08:00,77799.0,19480.0,1088.99,591.72
2011-06-01 09:00,80224.0,19510.0,1121.46,665.85
2011-06-01 10:00,80704.0,19464.0,1129.33,668.54
2011-06-01 11:00,80135.0,19416.0,1119.11,689.07
2011-06-01 12:00,79668.0,19504.0,1115.25,701.23
2011-06-01 13:00,79964.0,19343.0,1114.32,657.22
2011-06-01 14:00,79653.0,19338.0,1125.03,582.85
2011-06-01 15:00,78935.0,19294.0,1125.35,592.51
2011-06-01 16:00,78131.0,19401.0,1112.3,585.15
2011-06-01 17:00,78010.0,19652.0,1109.58,586.04
2011-06-01 18:00,77472.0,19705.0,1099.71,654.4
2011-06-01 19:00,76845.0,19374.0,1088.3,617.88
2011-06-01 20:00,76027.0,18699.0,1056.92,534.63
2011-06-01 21:00,76752.0,17963.0,1059.96,519.77
2011-06-01 22:00,75870.0,17578.0,1051.92,504.84
2011-06-01 23:00,72529.0,17360.0,1013.85,483.21
2011-06-02 00:00,69211.0,17506.0,977.81,492.34
2011-06-02 01:00,66743.0,17561.0,942.74,493.36
2011-06-02 02:00,65773.0,17901.0,915.06,499.03
2011-06-02 03:00,65230.0,18567.0,890.21,497.49
2011-06-02 04:00,65535.0,19132.0,897.08,521.65
2011-06-02 05:00,66963.0,19695.0,914.96,532.69
2011-06-02 06:00,69268.0,19975.0,949.18,520.0
2011-06-02 07:00,73559.0,19792.0,1047.67,549.99
2011-06-02 08:00,77933.0,19511.0,1141.51,583.67
2011-06-02 09:00,80549.0,19432.0,1151.25,586.93
2011-06-02 10:00,81065.0,19411.0,1166.72,602.87
2011-06-02 11:00,80655.0,19327.0,1152.64,636.62
2011-06-02 12:00,80218.0,19472.0,1142.58,701.44
2011-06-02 13:00,80413.0,19350.0,1146.49,613.76
2011-06-02 14:00,80200.0,19218.0,1181.77,527.87
2011-06-02 15:00,79387.0,19307.0,1166.98,517.26
2011-06-02 16:00,78666.0,19391.0,1146.97,516.41
2011-06-02 17:00,78500.0,19586.0,1143.8,514.15
2011-06-02 18:00,78046.0,19643.0,1131.95,509.45
2011-06-02 19:00,77441.0,19240.0,1116.16,528.73
2011-06-02 20:00,76382.0,18596.0,1074.83,494.73
2011-06-02 21:00,76920.0,18012.0,1076.3,487.15
2011-06-02 22:00,76144.0,17602.0,1078.92,470.61
2011-06-02 23:00,73107.0,17426.0,1038.97,466.25
2011-06-03 00:00,69442.0,17551.0,978.07,475.51
2011-06-03 01:00,67046.0,17644.0,933.26,487.78
2011-06-03 02:00,66196.0,17855.0,919.92,491.11
2011-06-03 03:00,65745.0,18552.0,900.16,503.1
2011-06-03 04:00,66083.0,19013.0,907.27,532.57
2011-06-03 05:00,67546.0,19511.0,922.93,536.43
2011-06-03 06:00,69497.0,19775.0,964.89,546.86
2011-06-03 07:00,74060.0,19753.0,1062.62,560.99
2011-06-03 08:00,78276.0,19632.0,1133.07,555.45
2011-06-03 09:00,80803.0,19557.0,1171.44,551.06
2011-06-03 10:00,81390.0,19452.0,1182.98,564.06
2011-06-03 11:00,80662.0,19362.0,1158.06,559.14
2011-06-03 12:00,80249.0,19327.0,1135.68,568.72
2011-06-03 13:00,80618.0,19307.0,1153.26,532.75
2011-06-03 14:00,80279.0,19285.0,1187.95,532.68
2011-06-03 15:00,79293.0,19282.0,1163.75,544.86
2011-06-03 16:00,78515.0,19418.0,1142.77,542.58
2011-06-03 17:00,78631.0,19569.0,1153.02,528.22
2011-06-03 18:00,78254.0,19767.0,1155.41,456.17
2011-06-03 19:00,77311.0,19479.0,1130.75,460.05
2011-06-03 20:00,76071.0,18690.0,1087.44,517.46
2011-06-03 21:00,76771.0,18052.0,1101.63,499.32
2011-06-03 22:00,76076.0,17643.0,1102.22,486.34
2011-06-03 23:00,73270.0,17418.0,1072.75,475.76
2011-06-04 00:00,69460.0,17186.0,1097.26,502.8
2011-06-04 01:00,67154.0,17194.0,1052.04,502.42
2011-06-04 02:00,66085.0,17349.0,1038.01,516.02
2011-06-04 03:00,65440.0,17663.0,1019.3,517.7
2011-06-04 04:00,65325.0,18108.0,991.42,519.85
2011-06-04 05:00,65810.0,18587.0,1019.89,521.57
2011-06-04 06:00,66470.0,19007.0,1002.89,533.72
2011-06-04 07:00,69090.0,19091.0,1065.85,550.27
2011-06-04 08:00,72518.0,19046.0,1126.31,551.46
2011-06-04 09:00,75003.0,18988.0,1133.5,544.69
2011-06-04 10:00,75682.0,18897.0,1153.54,547.63
2011-06-04 11:00,75469.0,18810.0,1149.12,550.23
2011-06-04 12:00,75181.0,18799.0,1161.61,541.63
2011-06-04 13:00,74897.0,18664.0,1150.54,542.73
2011-06-04 14:00,74397.0,18665.0,1141.64,551.99
2011-06-04 15:00,74019.0,18687.0,1141.09,557.14
2011-06-04 16:00,73740.0,18795.0,1137.06,538.12
2011-06-04 17:00,73795.0,19300.0,1144.81,526.81
2011-06-04 18:00,73754.0,19416.0,1146.11,537.31
2011-06-04 19:00,73614.0,19117.0,1145.91,552.26
2011-06-04 20:00,73647.0,18366.0,1122.09,540.68
2011-06-04 21:00,74709.0,17797.0,1131.11,529.88
2011-06-04 22:00,74253.0,17278.0,1138.83,509.96
2011-06-04 23:00,71045.0,17100.0,1101.25,490.7
2011-06-05 00:00,67213.0,17601.0,1019.24,483.85
2011-06-05 01:00,65400.0,17518.0,1011.13,458.54
2011-06-05 02:00,64044.0,17657.0,980.11,489.03
2011-06-05 03:00,63473.0,17943.0,972.59,489.26
2011-06-05 04:00,63406.0,18339.0,973.95,486.0
2011-06-05 05:00,63691.0,18918.0,970.57,489.06
2011-06-05 06:00,64931.0,19347.0,965.57,502.36
2011-06-05 07:00,66332.0,19505.0,988.31,519.79
2011-06-05 08:00,68485.0,19498.0,1024.13,520.18
2011-06-05 09:00,70967.0,19472.0,1043.99,515.76
2011-06-05 10:00,72277.0,19404.0,1071.02,518.54
2011-06-05 11:00,72564.0,19272.0,1072.9,520.51
2011-06-05 12:00,72442.0,19327.0,1075.93,513.08
2011-06-05 13:00,72281.0,19259.0,1072.4,512.93
2011-06-05 14:00,72110.0,19312.0,1070.47,525.41
2011-06-05 15:00,71973.0,19262.0,1072.9,525.22
2011-06-05 16:00,72112.0,19443.0,1069.49,514.75
2011-06-05 17:00,72357.0,19662.0,1060.9,501.67
2011-06-05 18:00,72623.0,19789.0,1062.85,519.34
2011-06-05 19:00,72779.0,19505.0,1055.8,528.42
2011-06-05 20:00,73050.0,18729.0,1057.12,519.33
2011-06-05 21:00,74247.0,18076.0,1068.96,507.12
2011-06-05 22:00,73348.0,17679.0,1075.08,491.26
2011-06-05 23:00,70984.0,17509.0,1049.03,466.63
2011-06-06 00:00,67840.0,17532.0,1016.82,497.6
2011-06-06 01:00,65783.0,17561.0,994.84,496.97
2011-06-06 02:00,64623.0,17844.0,972.11,511.21
2011-06-06 03:00,64360.0,18316.0,963.18,518.3
2011-06-06 04:00,64876.0,19039.0,968.11,536.88
2011-06-06 05:00,66310.0,19570.0,967.32,537.96
2011-06-06 06:00,70241.0,19922.0,1017.65,548.23
2011-06-06 07:00,73525.0,19959.0,1063.66,547.01
2011-06-06 08:00,77825.0,19859.0,1166.07,546.75
2011-06-06 09:00,80599.0,19852.0,1187.69,539.97
2011-06-06 10:00,81237.0,19833.0,1192.31,546.54
2011-06-06 11:00,80512.0,19751.0,1178.97,553.15
2011-06-06 12:00,80129.0,19657.0,1170.83,550.35
2011-06-06 13:00,80404.0,19551.0,1170.8,551.75
2011-06-06 14:00,80122.0,19588.0,1168.25,553.84
2011-06-06 15:00,79537.0,19539.0,1168.23,569.63
2011-06-06 16:00,78812.0,19665.0,1167.97,576.19
2011-06-06 17:00,78288.0,19701.0,1166.19,567.53
2011-06-06 18:00,77810.0,19701.0,1160.06,552.1
2011-06-06 19:00,77047.0,19309.0,1145.1,543.4
2011-06-06 20:00,76059.0,18593.0,1109.3,541.31
2011-06-06 21:00,76784.0,18091.0,1126.11,530.2
2011-06-06 22:00,75903.0,17629.0,1108.55,513.39
2011-06-06 23:00,71799.0,17480.0,1010.9,503.5
2011-06-07 00:00,68337.0,17142.0,990.81,505.26
2011-06-07 01:00,65957.0,17174.0,952.65,505.51
2011-06-07 02:00,64769.0,17400.0,940.73,522.26
2011-06-07 03:00,64371.0,18018.0,908.5,532.94
2011-06-07 04:00,64838.0,18705.0,925.28,538.28
2011-06-07 05:00,66617.0,19207.0,919.0,554.41
2011-06-07 06:00,70238.0,19545.0,987.37,564.13
2011-06-07 07:00,73810.0,19623.0,1067.96,573.47
2011-06-07 08:00,78036.0,19547.0,1163.7,580.59
2011-06-07 09:00,80367.0,19401.0,1207.89,569.38
2011-06-07 10:00,81098.0,19474.0,1220.46,573.16
2011-06-07 11:00,80653.0,19485.0,1204.22,580.51
2011-06-07 12:00,80192.0,19417.0,1193.99,581.37
2011-06-07 13:00,80436.0,19389.0,1197.41,582.92
2011-06-07 14:00,80144.0,19375.0,1190.18,582.68
2011-06-07 15:00,79483.0,19323.0,1180.91,583.92
2011-06-07 16:00,78831.0,19271.0,1179.91,574.4
2011-06-07 17:00,78334.0,19273.0,1176.59,563.02
2011-06-07 18:00,77916.0,19275.0,1175.84,564.06
2011-06-07 19:00,77124.0,19010.0,1162.67,568.37
2011-06-07 20:00,76225.0,18399.0,1117.56,551.42
2011-06-07 21:00,76732.0,17722.0,1130.9,538.42
2011-06-07 22:00,75746.0,17229.0,1111.14,520.92
2011-06-07 23:00,72714.0,17090.0,1050.01,511.91
2011-06-08 00:00,68706.0,17024.0,969.91,569.31
2011-06-08 01:00,66380.0,17069.0,911.08,570.96
2011-06-08 02:00,65212.0,17351.0,890.92,582.73
2011-06-08 03:00,64793.0,17984.0,884.7,595.72
2011-06-08 04:00,65334.0,18674.0,893.87,601.33
2011-06-08 05:00,66932.0,19212.0,895.2,614.32
2011-06-08 06:00,70818.0,19565.0,960.04,617.17
2011-06-08 07:00,74366.0,19630.0,1052.93,636.73
2011-06-08 08:00,78485.0,19556.0,1126.16,634.67
2011-06-08 09:00,81155.0,19511.0,1163.59,632.35
2011-06-08 10:00,81757.0,19468.0,1166.42,638.26
2011-06-08 11:00,81115.0,19475.0,1157.37,649.24
2011-06-08 12:00,80683.0,19583.0,1156.33,651.91
2011-06-08 13:00,80955.0,19508.0,1155.64,652.98
2011-06-08 14:00,80854.0,19458.0,1153.15,653.04
2011-06-08 15:00,79957.0,19378.0,1144.61,653.51
2011-06-08 16:00,79389.0,19257.0,1146.72,636.41
2011-06-08 17:00,78934.0,19314.0,1144.47,616.6
2011-06-08 18:00,78453.0,19306.0,1125.75,616.8
2011-06-08 19:00,77731.0,19030.0,1107.99,622.53
2011-06-08 20:00,76618.0,18525.0,1069.81,630.64
2011-06-08 21:00,76812.0,17722.0,1081.56,605.23
2011-06-08 22:00,76292.0,17332.0,1081.58,591.75
2011-06-08 23:00,73339.0,17143.0,1030.1,579.18
2011-06-09 00:00,68595.0,17330.0,936.65,619.36
2011-06-09 01:00,66166.0,17410.0,882.96,619.21
2011-06-09 02:00,65123.0,17707.0,876.64,633.76
2011-06-09 03:00,64749.0,18398.0,863.13,651.34
2011-06-09 04:00,65164.0,19116.0,860.1,653.72
2011-06-09 05:00,66806.0,19732.0,893.53,662.6
2011-06-09 06:00,70522.0,19998.0,954.61,672.7
2011-06-09 07:00,74205.0,20023.0,1023.44,673.84
2011-06-09 08:00,78372.0,19984.0,1100.58,673.57
2011-06-09 09:00,80918.0,19864.0,1149.39,669.73
2011-06-09 10:00,81385.0,19908.0,1149.59,672.79
2011-06-09 11:00,80867.0,19890.0,1145.28,675.55
2011-06-09 12:00,80371.0,19789.0,1135.09,674.81
2011-06-09 13:00,80790.0,19705.0,1138.25,675.23
2011-06-09 14:00,80413.0,19654.0,1131.09,675.69
2011-06-09 15:00,79635.0,19555.0,1127.03,676.02
2011-06-09 16:00,79036.0,19652.0,1119.07,673.39
2011-06-09 17:00,78574.0,19732.0,1100.61,667.48
2011-06-09 18:00,78240.0,19655.0,1090.75,665.14
2011-06-09 19:00,77400.0,19392.0,1066.07,665.96
2011-06-09 20:00,76313.0,18737.0,1049.85,668.38
2011-06-09 21:00,76509.0,17907.0,1065.28,656.19
2011-06-09 22:00,76093.0,17504.0,1063.99,639.81
2011-06-09 23:00,72960.0,17334.0,1014.31,626.95
2011-06-10 00:00,68570.0,17156.0,924.77,497.31
2011-06-10 01:00,66258.0,17225.0,876.31,496.89
2011-06-10 02:00,65043.0,17436.0,848.17,503.92
2011-06-10 03:00,64418.0,18072.0,808.38,515.67
2011-06-10 04:00,64950.0,18772.0,772.91,530.08
2011-06-10 05:00,66712.0,19263.0,881.55,531.94
2011-06-10 06:00,70328.0,19594.0,937.26,544.69
2011-06-10 07:00,74436.0,19507.0,994.82,558.92
2011-06-10 08:00,78551.0,19432.0,1078.67,557.43
2011-06-10 09:00,80940.0,19346.0,1114.56,553.45
2011-06-10 10:00,81480.0,19347.0,1114.44,557.86
2011-06-10 11:00,81026.0,19279.0,1111.34,562.63
2011-06-10 12:00,80399.0,19178.0,1104.29,582.99
2011-06-10 13:00,80499.0,19130.0,1105.73,574.58
2011-06-10 14:00,79961.0,19069.0,1103.97,570.01
2011-06-10 15:00,79096.0,19004.0,1096.4,571.81
2011-06-10 16:00,78323.0,19012.0,1086.73,571.97
2011-06-10 17:00,77911.0,19185.0,1076.92,569.0
2011-06-10 18:00,77521.0,19181.0,1059.64,553.52
2011-06-10 19:00,76647.0,18881.0,1038.86,561.64
2011-06-10 20:00,75434.0,18180.0,999.42,534.5
2011-06-10 21:00,75831.0,17558.0,1009.48,512.39
2011-06-10 22:00,75473.0,17253.0,1028.55,500.27
2011-06-10 23:00,72613.0,17118.0,1010.84,496.6
2011-06-11 00:00,68590.0,16701.0,1001.99,506.15
2011-06-11 01:00,66236.0,16719.0,969.95,505.66
2011-06-11 02:00,64241.0,16900.0,938.94,508.72
2011-06-11 03:00,63623.0,17191.0,922.46,512.64
2011-06-11 04:00,63582.0,17728.0,920.82,513.91
2011-06-11 05:00,63997.0,18209.0,924.3,528.67
2011-06-11 06:00,65578.0,18569.0,943.07,541.97
2011-06-11 07:00,67346.0,18682.0,952.37,560.48
2011-06-11 08:00,70700.0,18615.0,1039.17,551.11
2011-06-11 09:00,73487.0,18575.0,1100.54,544.81
2011-06-11 10:00,74498.0,18474.0,1117.05,547.12
2011-06-11 11:00,74519.0,18491.0,1112.4,553.21
2011-06-11 12:00,74294.0,18398.0,1105.03,543.66
2011-06-11 13:00,73935.0,18340.0,1103.96,545.36
2011-06-11 14:00,73577.0,18378.0,1112.85,553.09
2011-06-11 15:00,73141.0,18357.0,1120.24,553.52
2011-06-11 16:00,72988.0,18282.0,1113.88,545.09
2011-06-11 17:00,73022.0,18316.0,1097.59,538.38
2011-06-11 18:00,72954.0,18435.0,1102.73,523.24
2011-06-11 19:00,72595.0,18238.0,1083.76,527.73
2011-06-11 20:00,72460.0,17760.0,1052.16,539.03
2011-06-11 21:00,73060.0,17123.0,1062.24,516.42
2011-06-11 22:00,72553.0,16731.0,1090.7,506.46
2011-06-11 23:00,69759.0,16535.0,1017.85,505.1
2011-06-12 00:00,66948.0,17102.0,982.77,466.85
2011-06-12 01:00,64639.0,17058.0,933.21,466.47
2011-06-12 02:00,62971.0,17146.0,907.35,467.76
2011-06-12 03:00,62309.0,17434.0,898.12,468.09
2011-06-12 04:00,62202.0,17939.0,878.1,465.87
2011-06-12 05:00,62463.0,18366.0,886.04,467.04
2011-06-12 06:00,63780.0,18472.0,893.11,470.75
2011-06-12 07:00,65936.0,18631.0,919.43,492.77
2011-06-12 08:00,67830.0,18562.0,959.37,480.72
2011-06-12 09:00,70548.0,18650.0,1037.79,479.23
2011-06-12 10:00,71767.0,18480.0,1073.66,480.1
2011-06-12 11:00,71909.0,18307.0,1073.5,484.51
2011-06-12 12:00,71795.0,18284.0,1070.0,484.13
2011-06-12 13:00,71684.0,18161.0,1067.35,484.73
2011-06-12 14:00,71688.0,18180.0,1069.84,482.25
2011-06-12 15:00,71313.0,18183.0,1070.3,490.58
2011-06-12 16:00,71414.0,18225.0,1067.8,485.01
2011-06-12 17:00,71719.0,18831.0,1048.7,506.59
2011-06-12 18:00,71841.0,18744.0,1045.34,490.78
2011-06-12 19:00,71816.0,18387.0,1041.36,491.66
2011-06-12 20:00,71811.0,17811.0,1022.34,486.57
2011-06-12 21:00,72813.0,17122.0,1024.69,470.8
2011-06-12 22:00,72122.0,16953.0,1029.33,470.32
2011-06-12 23:00,69200.0,16883.0,991.73,468.09
2011-06-13 00:00,66994.0,16528.0,985.97,478.06
2011-06-13 01:00,64618.0,16513.0,952.33,477.48
2011-06-13 02:00,63254.0,16668.0,921.87,479.0
2011-06-13 03:00,62534.0,16942.0,909.49,484.24
2011-06-13 04:00,62357.0,17360.0,892.65,481.37
2011-06-13 05:00,62695.0,17799.0,892.44,482.14
2011-06-13 06:00,64250.0,18239.0,909.07,487.31
2011-06-13 07:00,66578.0,18418.0,939.89,499.88
2011-06-13 08:00,68487.0,18409.0,989.2,500.48
2011-06-13 09:00,71245.0,18369.0,1051.35,495.68
2011-06-13 10:00,72514.0,18299.0,1072.51,498.71
2011-06-13 11:00,72843.0,18234.0,1076.78,506.62
2011-06-13 12:00,72670.0,18209.0,1066.04,505.83
2011-06-13 13:00,72650.0,18252.0,1070.91,506.78
2011-06-13 14:00,72574.0,18259.0,1065.74,504.36
2011-06-13 15:00,72325.0,18241.0,1068.2,509.97
2011-06-13 16:00,72400.0,18327.0,1066.55,509.56
2011-06-13 17:00,72446.0,18479.0,1052.05,522.05
2011-06-13 18:00,72616.0,18557.0,1054.46,515.68
2011-06-13 19:00,72565.0,18312.0,1048.82,521.28
2011-06-13 20:00,72768.0,17763.0,1049.97,509.28
2011-06-13 21:00,73653.0,17155.0,1057.78,472.35
2011-06-13 22:00,72730.0,16739.0,1064.14,474.0
2011-06-13 23:00,70477.0,16621.0,1025.4,477.44
2011-06-14 00:00,66983.0,16787.0,982.7,511.96
2011-06-14 01:00,64582.0,16734.0,932.55,511.99
2011-06-14 02:00,63288.0,16973.0,903.28,515.43
2011-06-14 03:00,62868.0,17537.0,893.06,517.01
2011-06-14 04:00,63310.0,18217.0,892.76,543.73
2011-06-14 05:00,64954.0,18803.0,903.53,566.86
2011-06-14 06:00,68747.0,19114.0,943.03,586.81
2011-06-14 07:00,72970.0,19281.0,982.55,598.44
2011-06-14 08:00,77383.0,19253.0,1162.79,575.7
2011-06-14 09:00,80076.0,19187.0,1297.68,575.3
2011-06-14 10:00,80905.0,19210.0,1301.07,576.91
2011-06-14 11:00,80560.0,19168.0,1290.23,574.3
2011-06-14 12:00,79992.0,19092.0,1264.15,551.98
2011-06-14 13:00,80399.0,19048.0,1269.15,554.68
2011-06-14 14:00,80175.0,19069.0,1278.22,560.01
2011-06-14 15:00,79518.0,18993.0,1276.98,561.85
2011-06-14 16:00,78760.0,18980.0,1256.07,561.01
2011-06-14 17:00,78134.0,18978.0,1265.1,573.33
2011-06-14 18:00,77749.0,18931.0,1249.88,552.72
2011-06-14 19:00,77011.0,18663.0,1185.62,560.64
2011-06-14 20:00,76228.0,18175.0,1110.97,540.66
2011-06-14 21:00,76485.0,17453.0,1132.63,523.94
2011-06-14 22:00,75371.0,17010.0,1105.22,519.51
2011-06-14 23:00,72490.0,16800.0,1030.2,514.62
2011-06-15 00:00,67959.0,17365.0,941.74,488.59
2011-06-15 01:00,65485.0,17349.0,834.41,488.37
2011-06-15 02:00,64232.0,17557.0,810.84,491.03
2011-06-15 03:00,63820.0,17617.0,789.34,494.59
2011-06-15 04:00,64384.0,18232.0,786.36,483.32
2011-06-15 05:00,66003.0,18831.0,784.23,535.61
2011-06-15 06:00,70062.0,19227.0,933.87,561.36
2011-06-15 07:00,73657.0,19331.0,1012.98,567.91
2011-06-15 08:00,78188.0,19330.0,1103.03,561.82
2011-06-15 09:00,80726.0,19299.0,1164.01,556.32
2011-06-15 10:00,81658.0,19245.0,1192.82,544.21
2011-06-15 11:00,81240.0,19199.0,1184.52,547.55
2011-06-15 12:00,80283.0,18999.0,1160.3,542.71
2011-06-15 13:00,80606.0,19107.0,1175.77,531.55
2011-06-15 14:00,80327.0,19097.0,1192.68,519.17
2011-06-15 15:00,79483.0,18993.0,1188.61,520.34
2011-06-15 16:00,78640.0,18967.0,1162.02,532.52
2011-06-15 17:00,77755.0,19082.0,1149.07,548.22
2011-06-15 18:00,77361.0,19308.0,1130.2,541.71
2011-06-15 19:00,76751.0,19010.0,1117.17,534.8
2011-06-15 20:00,76028.0,18268.0,1064.64,509.87
2011-06-15 21:00,76389.0,17711.0,1097.95,497.74
2011-06-15 22:00,75192.0,17407.0,1097.33,496.9
2011-06-15 23:00,72501.0,17307.0,1039.8,493.96
2011-06-16 00:00,68426.0,17305.0,963.85,489.76
2011-06-16 01:00,66080.0,17301.0,918.29,491.25
2011-06-16 02:00,64824.0,17506.0,892.05,493.73
2011-06-16 03:00,64393.0,17980.0,878.74,498.79
2011-06-16 04:00,65028.0,18548.0,881.57,518.69
2011-06-16 05:00,66716.0,19074.0,895.84,521.44
2011-06-16 06:00,70664.0,19486.0,953.04,575.76
2011-06-16 07:00,74211.0,19527.0,1024.11,582.71
2011-06-16 08:00,78630.0,19528.0,1109.0,582.04
2011-06-16 09:00,81092.0,19525.0,1148.48,566.44
2011-06-16 10:00,81740.0,19437.0,1160.76,552.87
2011-06-16 11:00,81270.0,19337.0,1156.38,553.46
2011-06-16 12:00,80652.0,19213.0,1146.12,553.66
2011-06-16 13:00,80838.0,19163.0,1146.11,554.02
2011-06-16 14:00,80607.0,18986.0,1150.22,537.11
2011-06-16 15:00,79908.0,19091.0,1149.23,540.83
2011-06-16 16:00,79200.0,19100.0,1141.0,534.13
2011-06-16 17:00,78536.0,19216.0,1131.07,551.49
2011-06-16 18:00,78075.0,19272.0,1122.51,538.44
2011-06-16 19:00,77386.0,19052.0,1105.9,533.33
2011-06-16 20:00,76487.0,18449.0,1069.06,512.5
2011-06-16 21:00,76796.0,17749.0,1087.47,498.02
2011-06-16 22:00,75754.0,17425.0,1091.66,495.38
2011-06-16 23:00,72916.0,17426.0,1033.9,493.54
2011-06-17 00:00,68417.0,16922.0,946.65,522.34
2011-06-17 01:00,65549.0,16932.0,862.79,522.72
2011-06-17 02:00,64226.0,17291.0,851.63,517.67
2011-06-17 03:00,63850.0,17623.0,824.76,563.03
2011-06-17 04:00,64529.0,18309.0,825.75,609.24
2011-06-17 05:00,66283.0,18909.0,880.69,638.98
2011-06-17 06:00,70395.0,19278.0,953.55,656.64
2011-06-17 07:00,74282.0,19447.0,1039.16,674.13
2011-06-17 08:00,78893.0,19469.0,1124.8,674.38
2011-06-17 09:00,81353.0,19498.0,1191.27,673.69
2011-06-17 10:00,82168.0,19675.0,1208.42,679.25
2011-06-17 11:00,81642.0,19734.0,1205.44,682.84
2011-06-17 12:00,80880.0,19661.0,1182.74,667.7
2011-06-17 13:00,81089.0,19504.0,1192.92,665.54
2011-06-17 14:00,80741.0,19347.0,1195.9,660.55
2011-06-17 15:00,79768.0,19174.0,1189.54,663.1
2011-06-17 16:00,78757.0,18846.0,1173.61,652.7
2011-06-17 17:00,77859.0,18928.0,1140.69,647.95
2011-06-17 18:00,77399.0,19275.0,1126.85,661.69
2011-06-17 19:00,76632.0,19480.0,1109.76,675.95
2011-06-17 20:00,75716.0,18284.0,1073.44,646.0
2011-06-17 21:00,76202.0,17638.0,1097.7,623.75
2011-06-17 22:00,75289.0,17112.0,1099.1,603.31
2011-06-17 23:00,72623.0,16783.0,1047.27,593.48
2011-06-18 00:00,68435.0,16769.0,1004.41,514.01
2011-06-18 01:00,66080.0,16802.0,968.53,514.25
2011-06-18 02:00,64718.0,16879.0,937.44,519.91
2011-06-18 03:00,63871.0,17186.0,922.02,523.54
2011-06-18 04:00,63734.0,17693.0,918.18,538.13
2011-06-18 05:00,64284.0,18170.0,932.44,539.14
2011-06-18 06:00,66130.0,18569.0,953.39,542.14
2011-06-18 07:00,68186.0,18699.0,1004.01,546.98
2011-06-18 08:00,71608.0,18696.0,1053.83,560.51
2011-06-18 09:00,74129.0,18762.0,1072.75,559.38
2011-06-18 10:00,75364.0,18627.0,1088.22,557.65
2011-06-18 11:00,75316.0,18531.0,1091.33,547.95
2011-06-18 12:00,75001.0,18344.0,1076.18,543.46
2011-06-18 13:00,74691.0,18270.0,1076.74,543.25
2011-06-18 14:00,74322.0,18238.0,1080.48,540.99
2011-06-18 15:00,73849.0,18223.0,1075.99,545.24
2011-06-18 16:00,73566.0,18457.0,1072.71,547.42
2011-06-18 17:00,73216.0,18478.0,1068.51,556.6
2011-06-18 18:00,73283.0,18387.0,1069.12,562.56
2011-06-18 19:00,73044.0,18272.0,1065.82,548.02
2011-06-18 20:00,72634.0,17900.0,1035.65,535.72
2011-06-18 21:00,73462.0,17246.0,1051.09,516.28
2011-06-18 22:00,72747.0,16900.0,1067.43,517.23
2011-06-18 23:00,69861.0,16725.0,1033.74,516.85
2011-06-19 00:00,67630.0,16779.0,1000.09,498.31
2011-06-19 01:00,65209.0,16749.0,960.32,497.33
2011-06-19 02:00,63712.0,16828.0,916.67,497.63
2011-06-19 03:00,62802.0,17090.0,904.57,497.89
2011-06-19 04:00,62697.0,17683.0,889.59,508.49
2011-06-19 05:00,62981.0,18265.0,882.31,507.23
2011-06-19 06:00,64497.0,18487.0,901.48,510.66
2011-06-19 07:00,66901.0,18689.0,955.32,519.1
2011-06-19 08:00,68663.0,18672.0,995.89,518.48
2011-06-19 09:00,71254.0,18656.0,1029.03,529.58
2011-06-19 10:00,72735.0,18604.0,1045.88,529.2
2011-06-19 11:00,73052.0,18527.0,1054.25,520.67
2011-06-19 12:00,72795.0,18365.0,1049.04,523.29
2011-06-19 13:00,72688.0,18283.0,1047.07,523.61
2011-06-19 14:00,72685.0,18306.0,1047.32,522.09
2011-06-19 15:00,72393.0,18322.0,1040.14,526.36
2011-06-19 16:00,72288.0,18491.0,1036.65,520.53
2011-06-19 17:00,72088.0,18501.0,1031.0,522.32
2011-06-19 18:00,72380.0,18525.0,1032.4,520.64
2011-06-19 19:00,72421.0,18473.0,1032.12,522.08
2011-06-19 20:00,72368.0,18044.0,1018.8,520.33
2011-06-19 21:00,73058.0,17342.0,1029.45,506.86
2011-06-19 22:00,72692.0,16963.0,1039.33,503.98
2011-06-19 23:00,70531.0,16853.0,1025.16,495.92
2011-06-20 00:00,67350.0,16600.0,997.6,529.95
2011-06-20 01:00,64942.0,16606.0,955.16,526.23
2011-06-20 02:00,63379.0,16832.0,913.89,517.37
2011-06-20 03:00,62921.0,17513.0,898.09,522.67
2011-06-20 04:00,63568.0,18061.0,899.42,547.65
2011-06-20 05:00,65334.0,18735.0,912.81,561.14
2011-06-20 06:00,69155.0,19251.0,980.75,579.2
2011-06-20 07:00,73573.0,19419.0,1072.94,587.2
2011-06-20 08:00,78292.0,19400.0,1157.86,587.01
2011-06-20 09:00,81081.0,19303.0,1237.31,584.98
2011-06-20 10:00,82101.0,19282.0,1263.88,579.21
2011-06-20 11:00,81607.0,19312.0,1250.33,584.98
2011-06-20 12:00,80967.0,19239.0,1228.4,582.08
2011-06-20 13:00,81319.0,19094.0,1236.85,577.13
2011-06-20 14:00,81125.0,19032.0,1253.05,574.24
2011-06-20 15:00,80167.0,19014.0,1236.67,578.13
2011-06-20 16:00,79493.0,19013.0,1224.96,576.77
2011-06-20 17:00,78488.0,19073.0,1184.83,580.46
2011-06-20 18:00,77769.0,19011.0,1153.41,573.98
2011-06-20 19:00,76971.0,18768.0,1123.68,573.91
2011-06-20 20:00,76244.0,18233.0,1071.48,561.05
2011-06-20 21:00,76750.0,17257.0,1098.3,539.94
2011-06-20 22:00,75618.0,16891.0,1098.42,538.81
2011-06-20 23:00,72778.0,16816.0,1035.42,534.24
2011-06-21 00:00,68367.0,16690.0,961.35,534.36
2011-06-21 01:00,65875.0,16702.0,902.91,533.91
2011-06-21 02:00,64584.0,16928.0,887.1,538.62
2011-06-21 03:00,64143.0,17535.0,864.28,547.71
2011-06-21 04:00,64656.0,18175.0,852.35,545.02
2011-06-21 05:00,66434.0,18781.0,876.51,559.7
2011-06-21 06:00,70075.0,19181.0,952.22,573.65
2011-06-21 07:00,74139.0,19294.0,1036.98,588.86
2011-06-21 08:00,78785.0,19255.0,1115.16,587.26
2011-06-21 09:00,81319.0,19233.0,1161.18,583.13
2011-06-21 10:00,81973.0,19158.0,1167.06,574.95
2011-06-21 11:00,81418.0,19135.0,1153.09,575.68
2011-06-21 12:00,80681.0,19053.0,1134.54,583.44
2011-06-21 13:00,80980.0,18958.0,1137.69,581.54
2011-06-21 14:00,80804.0,18932.0,1148.79,582.83
2011-06-21 15:00,79981.0,18906.0,1148.66,582.76
2011-06-21 16:00,79250.0,18885.0,1130.52,569.57
2011-06-21 17:00,78616.0,18953.0,1120.19,571.32
2011-06-21 18:00,78071.0,18861.0,1106.98,578.19
2011-06-21 19:00,77368.0,18713.0,1093.34,585.57
2011-06-21 20:00,76507.0,18234.0,1071.48,566.6
2011-06-21 21:00,76644.0,17324.0,1082.05,546.1
2011-06-21 22:00,75761.0,16852.0,1086.49,538.28
2011-06-21 23:00,72898.0,16713.0,1046.11,535.19
2011-06-22 00:00,68261.0,16814.0,959.34,499.96
2011-06-22 01:00,65638.0,16848.0,885.65,499.26
2011-06-22 02:00,64305.0,17030.0,843.34,502.16
2011-06-22 03:00,63589.0,17611.0,801.26,510.91
2011-06-22 04:00,64153.0,18253.0,797.65,507.87
2011-06-22 05:00,65886.0,18912.0,863.2,524.68
2011-06-22 06:00,69873.0,19248.0,946.87,537.47
2011-06-22 07:00,73680.0,19335.0,1030.98,548.89
2011-06-22 08:00,78213.0,19320.0,1109.73,550.0
2011-06-22 09:00,80771.0,19245.0,1143.83,543.42
2011-06-22 10:00,81548.0,19296.0,1148.6,547.3
2011-06-22 11:00,81197.0,19252.0,1138.48,551.77
2011-06-22 12:00,80441.0,19071.0,1127.22,550.7
2011-06-22 13:00,80934.0,18955.0,1130.17,550.29
2011-06-22 14:00,80703.0,18944.0,1141.88,541.57
2011-06-22 15:00,79817.0,18836.0,1139.67,545.68
2011-06-22 16:00,78900.0,18830.0,1129.09,545.07
2011-06-22 17:00,78211.0,18930.0,1113.88,547.26
2011-06-22 18:00,77542.0,18981.0,1108.97,540.79
2011-06-22 19:00,76660.0,18771.0,1090.23,551.12
2011-06-22 20:00,75558.0,18054.0,1066.13,533.78
2011-06-22 21:00,75732.0,17476.0,1073.39,513.5
2011-06-22 22:00,74765.0,17020.0,1073.17,508.52
2011-06-22 23:00,72272.0,16901.0,1030.55,503.66
2011-06-23 00:00,68936.0,16897.0,976.46,494.19
2011-06-23 01:00,66226.0,16929.0,908.42,493.93
2011-06-23 02:00,64995.0,17042.0,883.35,498.66
2011-06-23 03:00,64496.0,17598.0,879.38,502.65
2011-06-23 04:00,64924.0,18277.0,877.73,519.28
2011-06-23 05:00,66445.0,18974.0,900.45,539.48
2011-06-23 06:00,69803.0,19510.0,974.18,538.39
2011-06-23 07:00,74014.0,19616.0,1080.86,551.46
2011-06-23 08:00,78547.0,19636.0,1156.44,545.59
2011-06-23 09:00,81254.0,19659.0,1216.07,543.73
2011-06-23 10:00,82079.0,19665.0,1239.26,547.44
2011-06-23 11:00,81538.0,19339.0,1223.9,540.06
2011-06-23 12:00,80801.0,19278.0,1202.55,540.24
2011-06-23 13:00,81192.0,19126.0,1210.86,539.63
2011-06-23 14:00,81033.0,18993.0,1207.9,536.51
2011-06-23 15:00,80175.0,18967.0,1195.21,539.01
2011-06-23 16:00,79320.0,18983.0,1170.35,537.7
2011-06-23 17:00,78522.0,19002.0,1153.5,539.97
2011-06-23 18:00,77883.0,18960.0,1135.82,534.9
2011-06-23 19:00,77316.0,18706.0,1091.03,536.01
2011-06-23 20:00,76185.0,18213.0,1066.46,518.2
2011-06-23 21:00,76267.0,17479.0,1077.72,504.27
2011-06-23 22:00,75463.0,17045.0,1089.31,499.27
2011-06-23 23:00,72634.0,17042.0,1042.08,497.76
2011-06-24 00:00,68447.0,17092.0,974.8,489.74
2011-06-24 01:00,65893.0,17129.0,907.33,489.05
2011-06-24 02:00,64269.0,17296.0,889.31,491.29
2011-06-24 03:00,63889.0,17722.0,865.6,498.85
2011-06-24 04:00,64498.0,18365.0,872.67,506.21
2011-06-24 05:00,66150.0,19141.0,903.55,534.73
2011-06-24 06:00,70300.0,19736.0,997.35,548.78
2011-06-24 07:00,73931.0,19765.0,1080.73,564.41
2011-06-24 08:00,78342.0,19744.0,1130.69,551.15
2011-06-24 09:00,80882.0,19738.0,1169.44,543.43
2011-06-24 10:00,81463.0,19767.0,1178.61,563.99
2011-06-24 11:00,81122.0,19434.0,1172.84,539.35
2011-06-24 12:00,80533.0,19205.0,1169.44,536.93
2011-06-24 13:00,80958.0,19034.0,1176.64,536.66
2011-06-24 14:00,80606.0,19057.0,1180.61,536.82
2011-06-24 15:00,79718.0,18875.0,1176.89,537.67
2011-06-24 16:00,78720.0,18851.0,1153.29,533.93
2011-06-24 17:00,77736.0,18814.0,1129.92,534.42
2011-06-24 18:00,77327.0,18941.0,1132.34,533.74
2011-06-24 19:00,76469.0,18758.0,1093.9,531.59
2011-06-24 20:00,75745.0,18019.0,1081.98,509.71
2011-06-24 21:00,75950.0,17590.0,1094.28,497.85
2011-06-24 22:00,75000.0,17225.0,1099.61,495.1
2011-06-24 23:00,72521.0,17122.0,1058.64,492.71
2011-06-25 00:00,69244.0,16509.0,1017.56,616.98
2011-06-25 01:00,66760.0,16486.0,976.21,614.01
2011-06-25 02:00,65200.0,16670.0,950.0,618.66
2011-06-25 03:00,64374.0,17024.0,908.14,624.46
2011-06-25 04:00,64107.0,17532.0,907.16,652.52
2011-06-25 05:00,64661.0,18377.0,908.99,659.79
2011-06-25 06:00,65685.0,18819.0,937.02,667.35
2011-06-25 07:00,68362.0,18906.0,987.37,668.88
2011-06-25 08:00,71759.0,18887.0,1042.06,668.67
2011-06-25 09:00,74432.0,18855.0,1055.22,666.47
2011-06-25 10:00,75704.0,18700.0,1082.3,665.5
2011-06-25 11:00,75752.0,18684.0,1086.89,668.63
2011-06-25 12:00,75464.0,18463.0,1080.1,671.4
2011-06-25 13:00,75165.0,18413.0,1076.44,671.04
2011-06-25 14:00,74887.0,18471.0,1073.53,671.91
2011-06-25 15:00,74271.0,18456.0,1058.55,673.98
2011-06-25 16:00,73944.0,18416.0,1053.52,672.41
2011-06-25 17:00,73515.0,18521.0,1035.29,668.44
2011-06-25 18:00,73490.0,18662.0,1057.43,669.79
2011-06-25 19:00,73132.0,18389.0,1035.63,669.27
2011-06-25 20:00,72766.0,17909.0,1021.06,669.18
2011-06-25 21:00,73268.0,17247.0,1024.49,657.64
2011-06-25 22:00,72847.0,16749.0,1074.65,650.64
2011-06-25 23:00,69900.0,16513.0,1019.59,644.5
2011-06-26 00:00,67242.0,16720.0,978.89,510.07
2011-06-26 01:00,65251.0,16785.0,943.54,507.93
2011-06-26 02:00,63499.0,16843.0,901.0,509.26
2011-06-26 03:00,62666.0,17048.0,867.53,519.81
2011-06-26 04:00,62481.0,17495.0,821.0,519.67
2011-06-26 05:00,62999.0,18066.0,831.24,516.88
2011-06-26 06:00,64705.0,18510.0,902.25,545.04
2011-06-26 07:00,66251.0,18652.0,932.16,548.01
2011-06-26 08:00,68336.0,18634.0,960.05,548.05
2011-06-26 09:00,71070.0,18620.0,1001.97,546.17
2011-06-26 10:00,72550.0,18548.0,1035.23,545.68
2011-06-26 11:00,73062.0,18361.0,1039.61,546.93
2011-06-26 12:00,72876.0,18300.0,1034.04,532.85
2011-06-26 13:00,72807.0,18282.0,1020.18,536.47
2011-06-26 14:00,72771.0,18292.0,1019.77,537.2
2011-06-26 15:00,72454.0,18301.0,1020.03,541.32
2011-06-26 16:00,72280.0,18352.0,1013.41,544.53
2011-06-26 17:00,72385.0,18315.0,1005.61,539.02
2011-06-26 18:00,72789.0,18326.0,1008.44,550.32
2011-06-26 19:00,72868.0,18221.0,995.64,552.57
2011-06-26 20:00,72571.0,17820.0,990.91,537.95
2011-06-26 21:00,73247.0,17132.0,1004.33,520.35
2011-06-26 22:00,72634.0,16683.0,1063.07,514.06
2011-06-26 23:00,70281.0,16579.0,1004.02,510.43
2011-06-27 00:00,67595.0,16617.0,986.65,566.36
2011-06-27 01:00,65222.0,16682.0,942.28,564.3
2011-06-27 02:00,63667.0,16691.0,903.36,578.35
2011-06-27 03:00,63373.0,17396.0,898.39,592.32
2011-06-27 04:00,64034.0,18073.0,891.98,596.94
2011-06-27 05:00,65741.0,19014.0,913.09,623.29
2011-06-27 06:00,68688.0,19392.0,965.86,638.18
2011-06-27 07:00,73597.0,19435.0,1090.04,657.76
2011-06-27 08:00,78095.0,19395.0,1127.37,656.74
2011-06-27 09:00,81070.0,19391.0,1168.3,651.4
2011-06-27 10:00,82087.0,19389.0,1182.09,659.75
2011-06-27 11:00,81534.0,19427.0,1168.56,642.25
2011-06-27 12:00,80870.0,19318.0,1135.34,641.64
2011-06-27 13:00,81134.0,19186.0,1149.83,643.72
2011-06-27 14:00,80978.0,19136.0,1159.76,639.96
2011-06-27 15:00,79969.0,19041.0,1167.63,644.63
2011-06-27 16:00,79266.0,18928.0,1146.43,617.61
2011-06-27 17:00,78414.0,18916.0,1118.03,614.81
2011-06-27 18:00,77821.0,18896.0,1099.39,610.27
2011-06-27 19:00,76954.0,18650.0,1089.56,617.72
2011-06-27 20:00,76005.0,18098.0,1072.55,598.8
2011-06-27 21:00,75971.0,17162.0,1072.93,570.13
2011-06-27 22:00,75075.0,16664.0,1080.93,564.38
2011-06-27 23:00,72243.0,16465.0,1046.04,560.97
2011-06-28 00:00,68594.0,16782.0,981.86,714.56
2011-06-28 01:00,66215.0,16723.0,923.84,700.42
2011-06-28 02:00,64942.0,17064.0,893.12,734.58
2011-06-28 03:00,64398.0,17672.0,887.69,678.17
2011-06-28 04:00,64989.0,18349.0,897.18,683.39
2011-06-28 05:00,66537.0,19037.0,909.96,690.03
2011-06-28 06:00,69340.0,19438.0,955.27,697.3
2011-06-28 07:00,73936.0,19470.0,1062.05,711.08
2011-06-28 08:00,78480.0,19397.0,1131.92,708.68
2011-06-28 09:00,81363.0,19336.0,1191.08,695.66
2011-06-28 10:00,82081.0,19380.0,1186.79,707.77
2011-06-28 11:00,81444.0,19368.0,1156.95,693.56
2011-06-28 12:00,80821.0,19280.0,1150.62,701.85
2011-06-28 13:00,80930.0,19254.0,1152.46,706.18
2011-06-28 14:00,80801.0,19210.0,1169.88,705.28
2011-06-28 15:00,79900.0,19065.0,1161.68,707.95
2011-06-28 16:00,79122.0,18993.0,1147.25,697.8
2011-06-28 17:00,78374.0,19010.0,1138.2,696.34
2011-06-28 18:00,77631.0,18894.0,1117.16,695.02
2011-06-28 19:00,76767.0,18743.0,1098.34,697.29
2011-06-28 20:00,75742.0,18200.0,1063.13,695.09
2011-06-28 21:00,76008.0,17448.0,1070.93,683.58
2011-06-28 22:00,75041.0,16956.0,1076.34,677.9
2011-06-28 23:00,72619.0,16760.0,1041.62,672.72
2011-06-29 00:00,68453.0,16713.0,961.18,565.21
2011-06-29 01:00,66015.0,16705.0,892.1,563.71
2011-06-29 02:00,64831.0,17019.0,875.35,570.19
2011-06-29 03:00,64184.0,17641.0,867.69,590.23
2011-06-29 04:00,64511.0,18271.0,860.26,587.29
2011-06-29 05:00,66193.0,19027.0,902.03,599.27
2011-06-29 06:00,68836.0,19402.0,944.81,612.94
2011-06-29 07:00,73573.0,19458.0,1054.11,635.68
2011-06-29 08:00,77836.0,19472.0,1116.58,635.69
2011-06-29 09:00,80931.0,19366.0,1158.1,617.93
2011-06-29 10:00,81724.0,19391.0,1173.14,653.27
2011-06-29 11:00,81324.0,19420.0,1159.69,624.74
2011-06-29 12:00,80730.0,19298.0,1146.86,615.97
2011-06-29 13:00,80928.0,19164.0,1151.87,613.58
2011-06-29 14:00,80809.0,19153.0,1162.02,613.38
2011-06-29 15:00,79865.0,19090.0,1154.16,618.58
2011-06-29 16:00,78923.0,19045.0,1139.81,615.14
2011-06-29 17:00,78159.0,19075.0,1127.73,615.43
2011-06-29 18:00,77349.0,18956.0,1119.76,602.18
2011-06-29 19:00,76612.0,18750.0,1106.57,603.13
2011-06-29 20:00,75292.0,18134.0,1081.28,576.51
2011-06-29 21:00,75396.0,17568.0,1088.04,570.85
2011-06-29 22:00,74493.0,17097.0,1086.79,562.69
2011-06-29 23:00,71892.0,16927.0,1054.65,557.8
2011-06-30 00:00,68193.0,16635.0,980.73,604.85
2011-06-30 01:00,65829.0,16629.0,917.64,604.45
2011-06-30 02:00,64455.0,16946.0,880.51,600.78
2011-06-30 03:00,64025.0,17669.0,873.82,626.69
2011-06-30 04:00,64198.0,18138.0,860.08,632.61
2011-06-30 05:00,65742.0,18862.0,893.2,634.76
2011-06-30 06:00,68236.0,19396.0,930.5,648.72
2011-06-30 07:00,73015.0,19419.0,1047.99,668.6
2011-06-30 08:00,77578.0,19443.0,1104.1,668.6
2011-06-30 09:00,80576.0,19375.0,1137.72,654.31
2011-06-30 10:00,81486.0,19404.0,1157.36,664.42
2011-06-30 11:00,81118.0,19373.0,1152.99,658.56
2011-06-30 12:00,80414.0,19334.0,1139.92,652.75
2011-06-30 13:00,80734.0,19190.0,1145.38,654.3
2011-06-30 14:00,80490.0,19090.0,1151.35,653.25
2011-06-30 15:00,79609.0,19036.0,1148.63,652.02
2011-06-30 16:00,78880.0,19001.0,1137.53,650.52
2011-06-30 17:00,78116.0,18947.0,1127.66,647.37
2011-06-30 18:00,77230.0,18959.0,1116.2,642.16
2011-06-30 19:00,76425.0,18837.0,1102.32,646.67
2011-06-30 20:00,75306.0,18261.0,1075.46,636.33
2011-06-30 21:00,75532.0,17491.0,1074.67,621.92
2011-06-30 22:00,74593.0,16974.0,1073.85,592.02
2011-06-30 23:00,72015.0,16720.0,1042.56,596.89
2011-07-01 00:00,68652.0,16765.0,950.73,500.31
2011-07-01 01:00,66199.0,16764.0,861.58,499.76
2011-07-01 02:00,64824.0,16944.0,843.45,501.4
2011-07-01 03:00,64332.0,17645.0,822.21,506.4
2011-07-01 04:00,64719.0,18450.0,776.71,509.03
2011-07-01 05:00,66209.0,19115.0,823.9,510.99
2011-07-01 06:00,68611.0,19507.0,897.22,537.82
2011-07-01 07:00,72975.0,19536.0,991.94,549.78
2011-07-01 08:00,77819.0,19485.0,1082.64,544.05
2011-07-01 09:00,80660.0,19402.0,1151.55,534.09
2011-07-01 10:00,81400.0,19483.0,1160.55,547.31
2011-07-01 11:00,81205.0,19465.0,1159.86,538.76
2011-07-01 12:00,80560.0,19284.0,1142.5,537.37
2011-07-01 13:00,80744.0,19134.0,1144.36,541.76
2011-07-01 14:00,80400.0,19055.0,1143.08,529.14
2011-07-01 15:00,79628.0,18983.0,1139.94,527.61
2011-07-01 16:00,78697.0,18907.0,1134.99,523.45
2011-07-01 17:00,78216.0,18856.0,1127.5,517.07
2011-07-01 18:00,77402.0,18855.0,1109.89,542.49
2011-07-01 19:00,76484.0,18659.0,1099.21,541.83
2011-07-01 20:00,75159.0,18202.0,1059.48,544.34
2011-07-01 21:00,75337.0,17534.0,1059.49,526.24
2011-07-01 22:00,74838.0,17043.0,1059.06,508.98
2011-07-01 23:00,72734.0,16762.0,1026.55,501.0
2011-07-02 00:00,69275.0,16720.0,1013.07,564.03
2011-07-02 01:00,66754.0,16639.0,965.37,563.76
2011-07-02 02:00,65080.0,16808.0,941.61,566.87
2011-07-02 03:00,64389.0,17236.0,918.05,567.9
2011-07-02 04:00,64397.0,17632.0,920.99,565.22
2011-07-02 05:00,64967.0,18220.0,918.68,565.48
2011-07-02 06:00,65428.0,18681.0,931.75,572.05
2011-07-02 07:00,67929.0,18800.0,965.77,574.67
2011-07-02 08:00,71527.0,18808.0,1025.08,576.14
2011-07-02 09:00,74186.0,18811.0,1050.72,574.43
2011-07-02 10:00,75620.0,18630.0,1120.06,571.37
2011-07-02 11:00,75660.0,18559.0,1132.29,573.11
2011-07-02 12:00,75215.0,18503.0,1120.93,579.26
2011-07-02 13:00,74798.0,18474.0,1109.32,582.88
2011-07-02 14:00,74486.0,18413.0,1105.04,581.99
2011-07-02 15:00,74393.0,18449.0,1119.37,581.38
2011-07-02 16:00,74068.0,18426.0,1109.29,581.91
2011-07-02 17:00,73831.0,18424.0,1106.61,579.34
2011-07-02 18:00,73653.0,18425.0,1102.65,574.51
2011-07-02 19:00,73203.0,18249.0,1069.83,573.71
2011-07-02 20:00,72716.0,17939.0,1042.37,585.44
2011-07-02 21:00,73029.0,17408.0,1027.43,582.42
2011-07-02 22:00,72703.0,16933.0,1058.01,565.61
2011-07-02 23:00,69913.0,16701.0,973.09,567.68
2011-07-03 00:00,68254.0,16664.0,963.26,524.1
2011-07-03 01:00,65633.0,16601.0,912.88,521.51
2011-07-03 02:00,64069.0,16702.0,899.44,511.44
2011-07-03 03:00,63291.0,17028.0,867.1,522.43
2011-07-03 04:00,63178.0,17515.0,858.65,519.55
2011-07-03 05:00,63697.0,18106.0,847.5,517.71
2011-07-03 06:00,64750.0,18518.0,870.25,524.39
2011-07-03 07:00,65751.0,18677.0,923.78,528.05
2011-07-03 08:00,68830.0,18640.0,975.41,528.24
2011-07-03 09:00,71439.0,18641.0,1025.29,526.5
2011-07-03 10:00,73064.0,18649.0,1080.13,526.06
2011-07-03 11:00,73515.0,18537.0,1087.39,527.5
2011-07-03 12:00,73542.0,18504.0,1093.15,531.22
2011-07-03 13:00,73398.0,18485.0,1094.65,535.37
2011-07-03 14:00,73365.0,18525.0,1089.27,535.06
2011-07-03 15:00,73359.0,18531.0,1089.05,532.9
2011-07-03 16:00,73314.0,18604.0,1062.38,534.75
2011-07-03 17:00,73249.0,18671.0,1040.89,532.97
2011-07-03 18:00,73371.0,18719.0,1043.61,530.53
2011-07-03 19:00,73321.0,18394.0,1039.33,527.12
2011-07-03 20:00,72961.0,17991.0,1037.81,535.87
2011-07-03 21:00,73817.0,17419.0,1049.08,534.51
2011-07-03 22:00,73238.0,16890.0,1075.2,492.81
2011-07-03 23:00,71000.0,16760.0,1035.69,524.07
2011-07-04 00:00,67888.0,16681.0,1027.54,567.33
2011-07-04 01:00,65490.0,16736.0,953.56,566.41
2011-07-04 02:00,64291.0,16990.0,915.5,569.92
2011-07-04 03:00,63750.0,17630.0,896.92,574.71
2011-07-04 04:00,64365.0,18249.0,903.53,578.31
2011-07-04 05:00,65791.0,18888.0,912.27,598.42
2011-07-04 06:00,68377.0,19271.0,946.79,596.97
2011-07-04 07:00,72898.0,19307.0,1056.36,609.98
2011-07-04 08:00,77786.0,19277.0,1167.56,609.11
2011-07-04 09:00,80871.0,19264.0,1222.15,608.83
2011-07-04 10:00,81953.0,19245.0,1236.0,609.65
2011-07-04 11:00,81906.0,19322.0,1238.81,596.25
2011-07-04 12:00,81396.0,19232.0,1231.88,595.88
2011-07-04 13:00,81690.0,19124.0,1229.69,596.63
2011-07-04 14:00,81469.0,19030.0,1230.58,598.8
2011-07-04 15:00,80682.0,18915.0,1225.11,599.01
2011-07-04 16:00,79923.0,18895.0,1212.7,599.56
2011-07-04 17:00,79274.0,18886.0,1201.16,602.43
2011-07-04 18:00,78428.0,18854.0,1177.01,596.68
2011-07-04 19:00,77531.0,18554.0,1139.42,594.9
2011-07-04 20:00,76552.0,18062.0,1119.94,586.98
2011-07-04 21:00,76589.0,17495.0,1127.59,582.69
2011-07-04 22:00,75961.0,17018.0,1112.58,575.61
2011-07-04 23:00,73265.0,16869.0,1064.33,570.44
2011-07-05 00:00,69064.0,17166.0,987.01,479.14
2011-07-05 01:00,66772.0,17260.0,935.47,479.25
2011-07-05 02:00,65581.0,17456.0,902.06,480.72
2011-07-05 03:00,64814.0,18112.0,888.49,488.56
2011-07-05 04:00,65207.0,18733.0,898.47,489.89
2011-07-05 05:00,66136.0,18955.0,908.51,498.26
2011-07-05 06:00,68788.0,19352.0,940.31,512.34
2011-07-05 07:00,72754.0,19355.0,1051.03,514.58
2011-07-05 08:00,77419.0,19389.0,1114.56,514.96
2011-07-05 09:00,80313.0,19418.0,1199.19,515.33
2011-07-05 10:00,81546.0,19429.0,1244.86,516.09
2011-07-05 11:00,81503.0,19437.0,1242.17,514.17
2011-07-05 12:00,81017.0,19405.0,1239.07,513.81
2011-07-05 13:00,81389.0,19313.0,1241.56,512.74
2011-07-05 14:00,81312.0,19071.0,1280.93,501.14
2011-07-05 15:00,80488.0,19052.0,1283.5,503.15
2011-07-05 16:00,79516.0,19039.0,1247.75,502.66
2011-07-05 17:00,78570.0,18985.0,1190.19,501.57
2011-07-05 18:00,77881.0,18900.0,1145.01,496.74
2011-07-05 19:00,76926.0,18661.0,1085.97,505.61
2011-07-05 20:00,76273.0,18194.0,1097.51,492.03
2011-07-05 21:00,76423.0,17720.0,1103.37,488.15
2011-07-05 22:00,75846.0,17204.0,1115.53,481.88
2011-07-05 23:00,73057.0,17128.0,1051.33,480.36
2011-07-06 00:00,69326.0,17055.0,923.03,494.36
2011-07-06 01:00,66832.0,17142.0,869.29,494.69
2011-07-06 02:00,65506.0,17327.0,839.71,495.96
2011-07-06 03:00,65074.0,17913.0,780.6,502.52
2011-07-06 04:00,65328.0,18534.0,772.1,504.99
2011-07-06 05:00,66240.0,18971.0,797.59,516.31
2011-07-06 06:00,68802.0,19409.0,899.67,523.86
2011-07-06 07:00,73120.0,19409.0,976.78,526.3
2011-07-06 08:00,77776.0,19450.0,1014.68,527.62
2011-07-06 09:00,80711.0,19411.0,1110.5,525.66
2011-07-06 10:00,81827.0,19425.0,1124.79,530.0
2011-07-06 11:00,81829.0,19399.0,1127.1,528.66
2011-07-06 12:00,81498.0,19279.0,1128.51,522.94
2011-07-06 13:00,81830.0,19143.0,1129.76,523.33
2011-07-06 14:00,81852.0,19115.0,1129.56,521.2
2011-07-06 15:00,80941.0,19068.0,1121.49,524.16
2011-07-06 16:00,79994.0,19069.0,1104.76,524.03
2011-07-06 17:00,79229.0,19019.0,1076.75,523.33
2011-07-06 18:00,78613.0,18918.0,1057.9,517.03
2011-07-06 19:00,77639.0,18693.0,1006.32,517.24
2011-07-06 20:00,76838.0,18176.0,1002.98,509.36
2011-07-06 21:00,76775.0,17698.0,975.69,502.53
2011-07-06 22:00,76923.0,17203.0,986.18,496.69
2011-07-06 23:00,73130.0,17135.0,930.8,494.95
2011-07-07 00:00,69154.0,17020.0,940.93,499.86
2011-07-07 01:00,66301.0,17000.0,869.65,500.63
2011-07-07 02:00,64814.0,17132.0,792.21,503.51
2011-07-07 03:00,64586.0,17629.0,768.0,511.0
2011-07-07 04:00,64819.0,18195.0,782.13,524.16
2011-07-07 05:00,65830.0,18815.0,791.48,543.45
2011-07-07 06:00,69434.0,19305.0,925.06,549.48
2011-07-07 07:00,72974.0,19379.0,993.61,567.75
2011-07-07 08:00,77700.0,19375.0,1067.56,575.33
2011-07-07 09:00,80572.0,19327.0,1114.76,567.46
2011-07-07 10:00,81655.0,19312.0,1144.6,560.5
2011-07-07 11:00,81554.0,19292.0,1144.38,551.65
2011-07-07 12:00,81058.0,19271.0,1126.7,549.09
2011-07-07 13:00,81580.0,19176.0,1135.76,555.57
2011-07-07 14:00,81478.0,19049.0,1128.87,544.99
2011-07-07 15:00,80728.0,18988.0,1120.82,546.83
2011-07-07 16:00,79834.0,19005.0,1115.04,547.65
2011-07-07 17:00,79135.0,18952.0,1126.09,546.87
2011-07-07 18:00,78286.0,18936.0,1069.73,541.87
2011-07-07 19:00,77410.0,18654.0,1015.99,552.21
2011-07-07 20:00,76430.0,18152.0,995.09,539.9
2011-07-07 21:00,76475.0,17543.0,994.21,522.6
2011-07-07 22:00,76095.0,17039.0,1010.17,511.43
2011-07-07 23:00,73280.0,16900.0,986.77,508.27
2011-07-08 00:00,69414.0,16978.0,926.09,487.4
2011-07-08 01:00,66980.0,16993.0,864.96,486.94
2011-07-08 02:00,65543.0,17189.0,780.66,489.54
2011-07-08 03:00,65013.0,17756.0,749.05,500.73
2011-07-08 04:00,65430.0,18403.0,755.78,502.3
2011-07-08 05:00,66390.0,18880.0,708.75,529.19
2011-07-08 06:00,69046.0,19221.0,883.87,533.92
2011-07-08 07:00,73410.0,19303.0,976.9,544.19
2011-07-08 08:00,77721.0,19223.0,1013.49,550.5
2011-07-08 09:00,80627.0,19125.0,1119.25,534.49
2011-07-08 10:00,81590.0,19197.0,1134.64,551.98
2011-07-08 11:00,81449.0,19167.0,1133.77,548.02
2011-07-08 12:00,81246.0,19051.0,1133.02,542.41
2011-07-08 13:00,81869.0,18936.0,1153.9,541.13
2011-07-08 14:00,81461.0,18886.0,1144.02,539.92
2011-07-08 15:00,80519.0,18785.0,1119.31,541.48
2011-07-08 16:00,79525.0,18736.0,1092.12,514.44
2011-07-08 17:00,78866.0,18715.0,1089.18,513.19
2011-07-08 18:00,77996.0,18795.0,1037.39,520.39
2011-07-08 19:00,76938.0,18597.0,998.41,522.23
2011-07-08 20:00,76092.0,18014.0,980.51,514.19
2011-07-08 21:00,76298.0,17430.0,979.54,501.56
2011-07-08 22:00,76978.0,16980.0,988.18,491.41
2011-07-08 23:00,73322.0,16883.0,965.68,489.63
2011-07-09 00:00,69460.0,16416.0,983.77,527.11
2011-07-09 01:00,66966.0,16472.0,922.94,524.64
2011-07-09 02:00,65330.0,16651.0,884.35,510.36
2011-07-09 03:00,64659.0,17027.0,872.92,510.45
2011-07-09 04:00,64413.0,17502.0,883.54,547.32
2011-07-09 05:00,64524.0,18012.0,881.9,556.86
2011-07-09 06:00,66081.0,18504.0,925.68,561.99
2011-07-09 07:00,67967.0,18646.0,983.09,566.2
2011-07-09 08:00,71456.0,18669.0,1021.36,566.51
2011-07-09 09:00,74224.0,18663.0,1054.89,567.04
2011-07-09 10:00,75674.0,18579.0,1107.15,565.98
2011-07-09 11:00,76084.0,18505.0,1120.37,562.87
2011-07-09 12:00,75893.0,18439.0,1100.78,562.12
2011-07-09 13:00,75642.0,18392.0,1087.16,563.23
2011-07-09 14:00,75399.0,18430.0,1088.06,563.59
2011-07-09 15:00,75105.0,18417.0,1069.2,565.68
2011-07-09 16:00,74667.0,18405.0,1072.76,566.67
2011-07-09 17:00,74354.0,18375.0,1073.08,566.52
2011-07-09 18:00,74102.0,18296.0,1050.51,562.17
2011-07-09 19:00,73543.0,18108.0,1040.96,562.25
2011-07-09 20:00,73389.0,17709.0,1031.12,558.94
2011-07-09 21:00,73977.0,17110.0,1029.69,555.29
2011-07-09 22:00,73822.0,16668.0,1022.24,539.5
2011-07-09 23:00,71090.0,16513.0,999.42,538.64
2011-07-10 00:00,68860.0,16580.0,955.44,535.9
2011-07-10 01:00,66264.0,16561.0,910.8,529.21
2011-07-10 02:00,64867.0,16630.0,881.85,511.1
2011-07-10 03:00,64029.0,16874.0,845.03,522.28
2011-07-10 04:00,63501.0,17201.0,779.28,525.62
2011-07-10 05:00,63066.0,17825.0,712.63,557.09
2011-07-10 06:00,64473.0,18288.0,754.2,561.64
2011-07-10 07:00,66353.0,18479.0,890.64,565.91
2011-07-10 08:00,68272.0,18466.0,936.16,566.12
2011-07-10 09:00,71078.0,18447.0,956.12,566.68
2011-07-10 10:00,72620.0,18389.0,979.74,566.15
2011-07-10 11:00,73690.0,18408.0,993.53,564.84
2011-07-10 12:00,73784.0,18342.0,992.44,564.38
2011-07-10 13:00,73861.0,18411.0,993.17,565.53
2011-07-10 14:00,73879.0,18466.0,995.6,566.96
2011-07-10 15:00,73627.0,18427.0,992.61,569.22
2011-07-10 16:00,73649.0,18435.0,987.73,571.16
2011-07-10 17:00,73582.0,18544.0,988.65,566.87
2011-07-10 18:00,73755.0,18591.0,986.22,565.0
2011-07-10 19:00,73608.0,18404.0,985.44,576.07
2011-07-10 20:00,73618.0,17918.0,985.27,560.06
2011-07-10 21:00,74428.0,17251.0,989.4,552.98
2011-07-10 22:00,74061.0,16825.0,994.28,542.8
2011-07-10 23:00,71881.0,16738.0,970.63,535.41
2011-07-11 00:00,68577.0,16734.0,969.75,501.15
2011-07-11 01:00,65991.0,16805.0,926.0,500.77
2011-07-11 02:00,64160.0,17016.0,881.78,497.88
2011-07-11 03:00,63594.0,17641.0,785.9,508.29
2011-07-11 04:00,63590.0,18603.0,766.26,514.62
2011-07-11 05:00,64043.0,18984.0,754.38,518.65
2011-07-11 06:00,67201.0,19332.0,877.78,527.98
2011-07-11 07:00,71330.0,19422.0,952.06,540.14
2011-07-11 08:00,76306.0,19393.0,1055.62,540.37
2011-07-11 09:00,79447.0,19326.0,1121.97,537.64
2011-07-11 10:00,80604.0,19322.0,1171.0,540.32
2011-07-11 11:00,80692.0,19329.0,1164.2,539.89
2011-07-11 12:00,80558.0,19268.0,1161.15,537.73
2011-07-11 13:00,81147.0,19222.0,1182.63,536.62
2011-07-11 14:00,81079.0,19164.0,1200.84,534.12
2011-07-11 15:00,80121.0,19054.0,1187.1,534.91
2011-07-11 16:00,79287.0,19001.0,1150.77,533.79
2011-07-11 17:00,78463.0,19020.0,1009.17,534.37
2011-07-11 18:00,77800.0,19064.0,1003.03,533.56
2011-07-11 19:00,76821.0,18803.0,992.11,530.79
2011-07-11 20:00,76007.0,18307.0,1009.5,526.45
2011-07-11 21:00,76155.0,17721.0,1012.59,509.32
2011-07-11 22:00,75564.0,17301.0,1029.8,499.64
2011-07-11 23:00,72789.0,17201.0,976.29,494.07
2011-07-12 00:00,68775.0,17396.0,903.36,511.54
2011-07-12 01:00,66262.0,17438.0,786.92,511.71
2011-07-12 02:00,64757.0,17600.0,740.7,513.26
2011-07-12 03:00,64266.0,18141.0,716.43,529.07
2011-07-12 04:00,64551.0,18709.0,732.88,539.75
2011-07-12 05:00,65535.0,19200.0,734.64,540.52
2011-07-12 06:00,67455.0,19530.0,770.54,570.73
2011-07-12 07:00,71581.0,19729.0,939.34,579.15
2011-07-12 08:00,76532.0,19776.0,1040.11,579.99
2011-07-12 09:00,79499.0,19667.0,1103.61,578.88
2011-07-12 10:00,80860.0,19658.0,1148.97,578.54
2011-07-12 11:00,80759.0,19671.0,1135.14,585.39
2011-07-12 12:00,80541.0,20017.0,1131.16,598.88
2011-07-12 13:00,81105.0,19925.0,1137.51,596.29
2011-07-12 14:00,80887.0,19808.0,1140.64,594.23
2011-07-12 15:00,80247.0,19806.0,1155.41,594.48
2011-07-12 16:00,79493.0,19547.0,1144.9,575.53
2011-07-12 17:00,78581.0,19605.0,1133.68,579.22
2011-07-12 18:00,77836.0,19742.0,1118.09,594.32
2011-07-12 19:00,77245.0,19475.0,1064.14,640.88
2011-07-12 20:00,76384.0,19062.0,1028.08,589.07
2011-07-12 21:00,76545.0,18005.0,1027.4,550.49
2011-07-12 22:00,75917.0,17479.0,1009.3,541.66
2011-07-12 23:00,73239.0,17214.0,984.57,515.74
2011-07-13 00:00,69275.0,17123.0,935.11,523.6
2011-07-13 01:00,66958.0,17174.0,879.92,523.71
2011-07-13 02:00,65317.0,17374.0,791.85,540.97
2011-07-13 03:00,64921.0,18066.0,753.72,543.42
2011-07-13 04:00,65069.0,18553.0,754.09,548.51
2011-07-13 05:00,66000.0,19141.0,770.88,586.33
2011-07-13 06:00,67991.0,19606.0,860.67,621.54
2011-07-13 07:00,72185.0,19637.0,962.57,622.46
2011-07-13 08:00,77166.0,19645.0,1055.22,628.72
2011-07-13 09:00,80149.0,19740.0,1134.82,628.12
2011-07-13 10:00,81438.0,20084.0,1166.69,646.25
2011-07-13 11:00,81134.0,20010.0,1159.25,644.48
2011-07-13 12:00,80688.0,20018.0,1148.74,647.31
2011-07-13 13:00,81197.0,19900.0,1161.72,645.83
2011-07-13 14:00,81120.0,19849.0,1167.51,644.39
2011-07-13 15:00,80295.0,19829.0,1168.96,645.85
2011-07-13 16:00,79793.0,19295.0,1156.67,622.19
2011-07-13 17:00,78851.0,19186.0,1104.98,618.33
2011-07-13 18:00,78059.0,19770.0,1061.58,640.6
2011-07-13 19:00,77145.0,19549.0,1020.03,653.2
2011-07-13 20:00,76368.0,19079.0,1000.08,606.45
2011-07-13 21:00,76277.0,17821.0,995.4,547.66
2011-07-13 22:00,75767.0,17345.0,964.31,539.75
2011-07-13 23:00,73048.0,17394.0,932.67,522.17
2011-07-14 00:00,69366.0,17375.0,930.17,505.4
2011-07-14 01:00,66809.0,17534.0,879.08,505.15
2011-07-14 02:00,65319.0,17661.0,818.21,506.73
2011-07-14 03:00,64932.0,18358.0,758.61,506.89
2011-07-14 04:00,65401.0,18681.0,764.37,511.07
2011-07-14 05:00,66272.0,19291.0,837.41,548.59
2011-07-14 06:00,68201.0,19797.0,823.93,551.92
2011-07-14 07:00,72278.0,19948.0,954.82,569.1
2011-07-14 08:00,77148.0,19951.0,1007.66,571.23
2011-07-14 09:00,80136.0,20053.0,1109.26,600.07
2011-07-14 10:00,81127.0,19947.0,1131.8,598.8
2011-07-14 11:00,80827.0,19730.0,1156.96,581.01
2011-07-14 12:00,80687.0,20002.0,1158.03,596.91
2011-07-14 13:00,81386.0,19879.0,1176.65,596.17
2011-07-14 14:00,81262.0,19703.0,1181.88,576.55
2011-07-14 15:00,80453.0,19777.0,1155.62,607.37
2011-07-14 16:00,79608.0,19616.0,1127.56,605.29
2011-07-14 17:00,78968.0,19598.0,1077.19,604.35
2011-07-14 18:00,78077.0,19832.0,1077.38,622.53
2011-07-14 19:00,77089.0,19582.0,1011.93,649.3
2011-07-14 20:00,76317.0,19032.0,989.4,566.77
2011-07-14 21:00,76252.0,18057.0,987.34,527.57
2011-07-14 22:00,75851.0,17444.0,965.42,513.42
2011-07-14 23:00,73183.0,17263.0,943.04,508.84
2011-07-15 00:00,69523.0,17163.0,919.84,498.94
2011-07-15 01:00,66797.0,17276.0,862.94,498.06
2011-07-15 02:00,65395.0,17441.0,779.99,500.64
2011-07-15 03:00,65314.0,18183.0,765.15,511.79
2011-07-15 04:00,65373.0,18587.0,746.14,515.43
2011-07-15 05:00,66358.0,19122.0,830.4,550.03
2011-07-15 06:00,68189.0,19272.0,789.84,554.81
2011-07-15 07:00,72378.0,19302.0,959.08,555.74
2011-07-15 08:00,77301.0,19282.0,1048.13,563.25
2011-07-15 09:00,80273.0,19237.0,1136.12,555.08
2011-07-15 10:00,81190.0,19163.0,1144.38,557.54
2011-07-15 11:00,81133.0,19141.0,1141.55,556.96
2011-07-15 12:00,80888.0,19130.0,1138.2,555.11
2011-07-15 13:00,81380.0,19074.0,1142.76,554.72
2011-07-15 14:00,81321.0,18960.0,1151.04,552.45
2011-07-15 15:00,80497.0,18864.0,1149.49,553.65
2011-07-15 16:00,79524.0,18804.0,1129.43,552.05
2011-07-15 17:00,78863.0,18806.0,1074.18,552.77
2011-07-15 18:00,78042.0,18873.0,1047.69,552.77
2011-07-15 19:00,76829.0,18688.0,991.68,549.37
2011-07-15 20:00,76197.0,18246.0,985.07,528.5
2011-07-15 21:00,76450.0,17810.0,985.77,527.03
2011-07-15 22:00,75936.0,17272.0,989.49,511.02
2011-07-15 23:00,73469.0,17177.0,955.28,508.99
2011-07-16 00:00,69252.0,17474.0,957.08,569.36
2011-07-16 01:00,66677.0,17479.0,853.62,548.82
2011-07-16 02:00,65009.0,17543.0,815.88,545.44
2011-07-16 03:00,64276.0,17845.0,754.9,517.29
2011-07-16 04:00,63917.0,18300.0,732.6,519.51
2011-07-16 05:00,64149.0,18835.0,723.85,528.4
2011-07-16 06:00,64425.0,19448.0,670.78,577.45
2011-07-16 07:00,66870.0,19610.0,811.65,619.13
2011-07-16 08:00,70565.0,19607.0,967.28,619.94
2011-07-16 09:00,73395.0,19596.0,980.77,619.58
2011-07-16 10:00,74862.0,19526.0,959.21,621.23
2011-07-16 11:00,75408.0,19274.0,944.04,564.22
2011-07-16 12:00,75149.0,19296.0,997.44,566.41
2011-07-16 13:00,74995.0,19196.0,1005.98,563.28
2011-07-16 14:00,74790.0,19003.0,997.14,550.69
2011-07-16 15:00,74322.0,19120.0,990.69,564.27
2011-07-16 16:00,74266.0,18896.0,990.12,537.9
2011-07-16 17:00,73801.0,18876.0,985.97,538.31
2011-07-16 18:00,73475.0,19147.0,972.89,563.4
2011-07-16 19:00,72898.0,18964.0,954.68,566.15
2011-07-16 20:00,72646.0,18389.0,944.39,548.11
2011-07-16 21:00,73333.0,17741.0,942.81,525.47
2011-07-16 22:00,73198.0,17272.0,964.49,524.1
2011-07-16 23:00,70317.0,17165.0,939.32,508.27
2011-07-17 00:00,68192.0,17339.0,911.02,495.94
2011-07-17 01:00,65590.0,17237.0,858.71,493.04
2011-07-17 02:00,64219.0,17242.0,731.88,493.43
2011-07-17 03:00,63417.0,17514.0,587.01,432.89
2011-07-17 04:00,62919.0,17941.0,427.55,488.77
2011-07-17 05:00,62957.0,18555.0,418.36,494.89
2011-07-17 06:00,63073.0,19110.0,594.95,516.25
2011-07-17 07:00,64782.0,19260.0,674.26,519.99
2011-07-17 08:00,67902.0,19280.0,880.4,520.87
2011-07-17 09:00,70691.0,19282.0,925.09,524.25
2011-07-17 10:00,72325.0,19174.0,950.03,525.4
2011-07-17 11:00,73089.0,19085.0,960.95,523.99
2011-07-17 12:00,73250.0,19132.0,963.19,523.3
2011-07-17 13:00,73236.0,19199.0,956.09,525.74
2011-07-17 14:00,73389.0,19126.0,960.22,524.73
2011-07-17 15:00,73270.0,19115.0,970.13,528.09
2011-07-17 16:00,73384.0,19128.0,953.33,527.1
2011-07-17 17:00,73286.0,19132.0,948.44,528.48
2011-07-17 18:00,73216.0,19257.0,946.69,543.94
2011-07-17 19:00,73026.0,19300.0,937.33,556.8
2011-07-17 20:00,73176.0,18713.0,935.67,539.35
2011-07-17 21:00,73879.0,18023.0,949.36,514.79
2011-07-17 22:00,73503.0,17482.0,967.6,499.13
2011-07-17 23:00,71220.0,17393.0,953.4,497.52
2011-07-18 00:00,68375.0,17304.0,917.15,510.12
2011-07-18 01:00,65947.0,17341.0,873.14,510.03
2011-07-18 02:00,64565.0,17012.0,758.88,519.66
2011-07-18 03:00,64332.0,17631.0,716.47,533.27
2011-07-18 04:00,64452.0,18222.0,699.97,539.08
2011-07-18 05:00,65721.0,19008.0,794.3,567.44
2011-07-18 06:00,67853.0,19420.0,817.32,584.13
2011-07-18 07:00,72112.0,19536.0,976.32,616.39
2011-07-18 08:00,76915.0,19538.0,1048.16,623.66
2011-07-18 09:00,80438.0,19504.0,1156.67,625.29
2011-07-18 10:00,81441.0,19521.0,1182.57,638.11
2011-07-18 11:00,81474.0,19475.0,1173.58,637.08
2011-07-18 12:00,81125.0,19652.0,1166.35,645.11
2011-07-18 13:00,81903.0,19272.0,1181.95,623.6
2011-07-18 14:00,81653.0,19240.0,1185.73,623.04
2011-07-18 15:00,80749.0,19170.0,1170.12,630.51
2011-07-18 16:00,79861.0,19095.0,1111.23,599.41
2011-07-18 17:00,79250.0,19138.0,1121.94,601.73
2011-07-18 18:00,78395.0,19561.0,1098.2,645.18
2011-07-18 19:00,77373.0,19587.0,1048.1,651.86
2011-07-18 20:00,76837.0,18309.0,1032.25,572.06
2011-07-18 21:00,76890.0,17613.0,1024.35,539.58
2011-07-18 22:00,76515.0,17092.0,1046.65,535.45
2011-07-18 23:00,73587.0,16962.0,1009.93,521.37
2011-07-19 00:00,69524.0,16931.0,905.96,533.51
2011-07-19 01:00,67063.0,17079.0,822.7,533.31
2011-07-19 02:00,65572.0,17342.0,737.21,550.48
2011-07-19 03:00,65163.0,18138.0,714.5,556.81
2011-07-19 04:00,65443.0,18670.0,702.19,562.16
2011-07-19 05:00,66635.0,19724.0,757.02,643.08
2011-07-19 06:00,68384.0,20094.0,787.69,657.78
2011-07-19 07:00,72466.0,20147.0,980.67,660.32
2011-07-19 08:00,77501.0,20105.0,1065.59,660.14
2011-07-19 09:00,80519.0,20007.0,1126.05,659.1
2011-07-19 10:00,81374.0,20018.0,1136.76,664.43
2011-07-19 11:00,81361.0,20023.0,1134.25,665.34
2011-07-19 12:00,81151.0,19964.0,1123.74,662.16
2011-07-19 13:00,81857.0,19842.0,1134.01,651.48
2011-07-19 14:00,81703.0,19802.0,1148.75,650.29
2011-07-19 15:00,80815.0,19681.0,1147.04,649.94
2011-07-19 16:00,80031.0,19680.0,1111.74,646.55
2011-07-19 17:00,79277.0,19633.0,1100.9,619.32
2011-07-19 18:00,78605.0,19599.0,1082.75,618.24
2011-07-19 19:00,77605.0,19364.0,1031.12,649.1
2011-07-19 20:00,76908.0,18868.0,1023.38,605.83
2011-07-19 21:00,77012.0,18168.0,1021.57,575.87
2011-07-19 22:00,76524.0,17109.0,1035.03,548.28
2011-07-19 23:00,73860.0,16950.0,987.3,531.48
2011-07-20 00:00,69952.0,17189.0,930.45,513.13
2011-07-20 01:00,67418.0,17254.0,865.66,513.59
2011-07-20 02:00,65967.0,17429.0,785.72,515.56
2011-07-20 03:00,65623.0,18034.0,726.18,519.4
2011-07-20 04:00,65808.0,18537.0,717.6,523.49
2011-07-20 05:00,66912.0,19058.0,769.19,547.96
2011-07-20 06:00,68460.0,19417.0,772.53,557.33
2011-07-20 07:00,72550.0,19480.0,960.76,581.45
2011-07-20 08:00,77673.0,19453.0,1040.53,581.37
2011-07-20 09:00,80713.0,19430.0,1137.93,598.05
2011-07-20 10:00,81605.0,19429.0,1174.51,619.55
2011-07-20 11:00,81481.0,19539.0,1173.76,625.78
2011-07-20 12:00,81226.0,20012.0,1161.05,636.43
2011-07-20 13:00,82006.0,19908.0,1187.63,639.06
2011-07-20 14:00,81801.0,19854.0,1192.15,635.94
2011-07-20 15:00,81253.0,19830.0,1201.1,633.35
2011-07-20 16:00,80351.0,19745.0,1172.97,634.57
2011-07-20 17:00,79514.0,19504.0,1133.46,625.97
2011-07-20 18:00,78700.0,19770.0,1099.38,631.57
2011-07-20 19:00,77907.0,19508.0,1033.42,633.51
2011-07-20 20:00,77105.0,19018.0,1015.0,564.07
2011-07-20 21:00,77229.0,17791.0,1019.78,538.14
2011-07-20 22:00,76694.0,17269.0,1055.13,519.65
2011-07-20 23:00,73849.0,17180.0,1001.03,514.73
2011-07-21 00:00,70462.0,17397.0,951.63,475.54
2011-07-21 01:00,67700.0,17384.0,874.78,474.81
2011-07-21 02:00,66440.0,17638.0,823.52,478.02
2011-07-21 03:00,66457.0,18249.0,801.26,485.39
2011-07-21 04:00,66394.0,18880.0,786.06,490.66
2011-07-21 05:00,67566.0,19449.0,821.78,513.29
2011-07-21 06:00,69522.0,19788.0,901.76,528.35
2011-07-21 07:00,73144.0,19889.0,981.25,551.25
2011-07-21 08:00,78316.0,19885.0,1080.26,549.11
2011-07-21 09:00,81295.0,19818.0,1166.11,540.67
2011-07-21 10:00,82318.0,19571.0,1171.8,529.33
2011-07-21 11:00,82025.0,19602.0,1161.99,526.05
2011-07-21 12:00,82053.0,19592.0,1163.57,525.14
2011-07-21 13:00,82652.0,19509.0,1182.28,530.0
2011-07-21 14:00,82576.0,19511.0,1187.59,531.0
2011-07-21 15:00,81805.0,19506.0,1194.86,530.59
2011-07-21 16:00,80925.0,19470.0,1186.64,522.78
2011-07-21 17:00,80175.0,19472.0,1166.13,523.11
2011-07-21 18:00,79387.0,19597.0,1147.74,539.96
2011-07-21 19:00,78532.0,19522.0,1127.55,581.71
2011-07-21 20:00,77907.0,18821.0,1091.7,498.84
2011-07-21 21:00,78058.0,18159.0,1101.32,488.19
2011-07-21 22:00,77448.0,17675.0,1121.04,473.86
2011-07-21 23:00,74433.0,17581.0,1036.43,471.71
2011-07-22 00:00,71003.0,17488.0,988.72,464.53
2011-07-22 01:00,68391.0,17482.0,901.72,463.78
2011-07-22 02:00,66991.0,17741.0,874.45,467.47
2011-07-22 03:00,66589.0,18315.0,875.41,473.13
2011-07-22 04:00,66372.0,18916.0,828.59,477.13
2011-07-22 05:00,67511.0,19469.0,848.03,515.82
2011-07-22 06:00,69500.0,19748.0,920.35,519.55
2011-07-22 07:00,73261.0,19970.0,1003.76,548.42
2011-07-22 08:00,78257.0,19965.0,1127.97,551.38
2011-07-22 09:00,81347.0,19801.0,1169.98,535.08
2011-07-22 10:00,82442.0,19756.0,1272.64,537.59
2011-07-22 11:00,82543.0,19739.0,1268.34,534.77
2011-07-22 12:00,82147.0,19784.0,1252.65,543.91
2011-07-22 13:00,82823.0,19669.0,1266.78,543.38
2011-07-22 14:00,82761.0,19597.0,1282.99,540.35
2011-07-22 15:00,81909.0,19607.0,1266.48,536.63
2011-07-22 16:00,80977.0,19463.0,1230.07,518.74
2011-07-22 17:00,80081.0,19472.0,1185.3,517.84
2011-07-22 18:00,79305.0,19596.0,1177.7,534.02
2011-07-22 19:00,78239.0,19590.0,1151.15,576.62
2011-07-22 20:00,77438.0,18933.0,1092.41,495.47
2011-07-22 21:00,77787.0,18276.0,1100.74,485.65
2011-07-22 22:00,77345.0,17778.0,1091.6,469.66
2011-07-22 23:00,74524.0,17603.0,1000.96,466.27
2011-07-23 00:00,70874.0,16978.0,954.42,494.25
2011-07-23 01:00,68174.0,17102.0,931.85,494.12
2011-07-23 02:00,66684.0,17029.0,891.39,496.13
2011-07-23 03:00,66009.0,17501.0,873.46,494.27
2011-07-23 04:00,65133.0,17850.0,833.95,496.19
2011-07-23 05:00,65428.0,18335.0,774.17,509.07
2011-07-23 06:00,65759.0,18725.0,742.97,522.88
2011-07-23 07:00,68240.0,18996.0,907.07,564.63
2011-07-23 08:00,71844.0,18926.0,987.69,564.45
2011-07-23 09:00,74740.0,18891.0,1030.46,563.29
2011-07-23 10:00,76205.0,18832.0,1057.22,567.0
2011-07-23 11:00,76658.0,18828.0,1053.74,549.41
2011-07-23 12:00,76774.0,18713.0,1060.68,550.55
2011-07-23 13:00,76646.0,18711.0,1052.28,549.99
2011-07-23 14:00,76559.0,18603.0,1056.56,544.27
2011-07-23 15:00,76107.0,18591.0,1057.71,544.07
2011-07-23 16:00,76005.0,18567.0,1054.69,524.2
2011-07-23 17:00,75504.0,18604.0,1048.3,528.0
2011-07-23 18:00,75143.0,18803.0,1044.04,550.8
2011-07-23 19:00,74606.0,18983.0,1039.34,575.92
2011-07-23 20:00,74419.0,18043.0,1035.59,542.66
2011-07-23 21:00,75079.0,17423.0,1011.74,513.92
2011-07-23 22:00,74690.0,17018.0,1011.69,507.47
2011-07-23 23:00,71611.0,16924.0,976.29,495.94
2011-07-24 00:00,67893.0,16754.0,908.19,503.25
2011-07-24 01:00,66467.0,16732.0,883.05,502.53
2011-07-24 02:00,64864.0,16752.0,854.58,500.65
2011-07-24 03:00,64111.0,17191.0,813.0,498.57
2011-07-24 04:00,63525.0,17532.0,728.77,500.26
2011-07-24 05:00,63356.0,18100.0,679.75,504.93
2011-07-24 06:00,64448.0,18528.0,665.49,526.82
2011-07-24 07:00,65837.0,18728.0,746.84,535.15
2011-07-24 08:00,67779.0,18746.0,893.24,536.05
2011-07-24 09:00,70774.0,18778.0,980.78,551.25
2011-07-24 10:00,72549.0,18661.0,1006.62,544.11
2011-07-24 11:00,73182.0,18642.0,1005.06,552.82
2011-07-24 12:00,73446.0,18607.0,1013.48,555.63
2011-07-24 13:00,73531.0,18634.0,1013.48,557.74
2011-07-24 14:00,73726.0,18688.0,1015.82,554.97
2011-07-24 15:00,73747.0,18714.0,1017.22,557.59
2011-07-24 16:00,73820.0,18750.0,1011.65,552.85
2011-07-24 17:00,73458.0,18707.0,1007.29,540.11
2011-07-24 18:00,73553.0,19184.0,1006.87,580.91
2011-07-24 19:00,73382.0,19224.0,1005.9,592.12
2011-07-24 20:00,73685.0,18100.0,987.91,551.41
2011-07-24 21:00,74610.0,17339.0,978.7,521.57
2011-07-24 22:00,73951.0,16846.0,976.16,517.77
2011-07-24 23:00,71682.0,16695.0,956.71,502.53
2011-07-25 00:00,68849.0,16718.0,947.94,520.58
2011-07-25 01:00,66577.0,16667.0,903.1,518.1
2011-07-25 02:00,65241.0,16918.0,854.46,522.73
2011-07-25 03:00,64993.0,17548.0,791.58,536.61
2011-07-25 04:00,65322.0,18107.0,775.62,532.81
2011-07-25 05:00,66475.0,18934.0,784.05,562.49
2011-07-25 06:00,68179.0,19387.0,783.88,582.49
2011-07-25 07:00,72424.0,19498.0,915.33,604.11
2011-07-25 08:00,77263.0,19411.0,1062.69,601.18
2011-07-25 09:00,80734.0,19409.0,1119.24,602.07
2011-07-25 10:00,82215.0,19448.0,1142.41,602.53
2011-07-25 11:00,82060.0,19454.0,1135.51,602.98
2011-07-25 12:00,81788.0,19373.0,1127.67,602.5
2011-07-25 13:00,82559.0,19226.0,1164.31,601.26
2011-07-25 14:00,82367.0,19189.0,1156.86,599.86
2011-07-25 15:00,81598.0,19142.0,1161.4,593.71
2011-07-25 16:00,80787.0,19066.0,1131.36,594.98
2011-07-25 17:00,79992.0,19113.0,1105.54,589.81
2011-07-25 18:00,79125.0,19152.0,1089.02,594.99
2011-07-25 19:00,78356.0,19144.0,1077.37,648.38
2011-07-25 20:00,77541.0,18241.0,1070.24,564.56
2011-07-25 21:00,77888.0,17537.0,1073.98,546.54
2011-07-25 22:00,77205.0,17048.0,1085.87,542.22
2011-07-25 23:00,74248.0,16852.0,1032.05,528.18
2011-07-26 00:00,69704.0,17350.0,954.25,475.25
2011-07-26 01:00,67446.0,17406.0,879.73,475.3
2011-07-26 02:00,66174.0,17596.0,857.08,477.48
2011-07-26 03:00,65707.0,18173.0,795.67,479.46
2011-07-26 04:00,65882.0,18566.0,772.19,482.97
2011-07-26 05:00,67002.0,19119.0,797.27,498.01
2011-07-26 06:00,68749.0,19586.0,815.37,542.11
2011-07-26 07:00,72651.0,19616.0,1006.86,557.3
2011-07-26 08:00,77797.0,19544.0,1126.01,557.11
2011-07-26 09:00,80940.0,19475.0,1173.7,544.67
2011-07-26 10:00,82201.0,19477.0,1177.26,545.96
2011-07-26 11:00,82079.0,19471.0,1173.22,545.71
2011-07-26 12:00,82182.0,19641.0,1172.68,568.24
2011-07-26 13:00,82811.0,19435.0,1188.42,552.77
2011-07-26 14:00,82605.0,19325.0,1187.2,551.95
2011-07-26 15:00,81854.0,19254.0,1194.84,551.36
2011-07-26 16:00,80961.0,19188.0,1181.13,529.47
2011-07-26 17:00,80205.0,19148.0,1164.48,533.7
2011-07-26 18:00,79443.0,19306.0,1150.66,552.18
2011-07-26 19:00,78559.0,19516.0,1136.79,609.24
2011-07-26 20:00,77686.0,18373.0,1122.32,501.41
2011-07-26 21:00,78040.0,17761.0,1117.01,482.25
2011-07-26 22:00,77353.0,17374.0,1097.27,472.07
2011-07-26 23:00,74343.0,17275.0,1043.53,469.42
2011-07-27 00:00,70231.0,17463.0,930.85,464.46
2011-07-27 01:00,68000.0,17520.0,898.79,463.35
2011-07-27 02:00,66675.0,17793.0,819.66,468.44
2011-07-27 03:00,66221.0,18315.0,777.39,474.62
2011-07-27 04:00,66367.0,18976.0,767.59,492.21
2011-07-27 05:00,67344.0,19541.0,778.36,521.94
2011-07-27 06:00,69059.0,19930.0,775.35,545.21
2011-07-27 07:00,73095.0,19975.0,983.82,552.38
2011-07-27 08:00,78232.0,20032.0,1112.27,558.85
2011-07-27 09:00,81523.0,19949.0,1158.56,557.9
2011-07-27 10:00,82764.0,19940.0,1161.69,558.66
2011-07-27 11:00,82916.0,19961.0,1162.62,559.27
2011-07-27 12:00,82986.0,19985.0,1165.2,563.47
2011-07-27 13:00,83505.0,19866.0,1171.96,562.97
2011-07-27 14:00,83360.0,20022.0,1166.39,596.27
2011-07-27 15:00,82635.0,19968.0,1173.86,584.14
2011-07-27 16:00,81788.0,19790.0,1162.38,544.92
2011-07-27 17:00,80828.0,19827.0,1145.59,544.42
2011-07-27 18:00,79994.0,20026.0,1138.14,574.89
2011-07-27 19:00,78993.0,19694.0,1126.05,588.93
2011-07-27 20:00,78360.0,18874.0,1109.33,503.94
2011-07-27 21:00,78589.0,18239.0,1112.8,485.9
2011-07-27 22:00,77686.0,17788.0,1106.27,476.6
2011-07-27 23:00,74550.0,17665.0,1034.92,472.27
2011-07-28 00:00,71004.0,17511.0,984.96,471.46
2011-07-28 01:00,68626.0,17551.0,912.83,472.41
2011-07-28 02:00,67334.0,17825.0,880.7,481.69
2011-07-28 03:00,66902.0,18408.0,819.06,484.31
2011-07-28 04:00,67022.0,18879.0,795.52,508.66
2011-07-28 05:00,68027.0,19502.0,829.66,543.71
2011-07-28 06:00,69688.0,19873.0,795.33,572.84
2011-07-28 07:00,73853.0,19813.0,1015.4,575.5
2011-07-28 08:00,79047.0,19714.0,1124.66,581.33
2011-07-28 09:00,82217.0,19625.0,1215.15,574.32
2011-07-28 10:00,83603.0,19668.0,1220.2,581.71
2011-07-28 11:00,83476.0,19708.0,1218.94,589.47
2011-07-28 12:00,83642.0,19772.0,1224.61,612.27
2011-07-28 13:00,84280.0,19639.0,1231.09,594.6
2011-07-28 14:00,84130.0,19697.0,1219.69,606.73
2011-07-28 15:00,83457.0,19647.0,1230.71,571.88
2011-07-28 16:00,82501.0,19649.0,1210.53,565.9
2011-07-28 17:00,81634.0,19750.0,1195.51,575.51
2011-07-28 18:00,80795.0,19965.0,1170.43,614.87
2011-07-28 19:00,79805.0,19732.0,1154.52,601.31
2011-07-28 20:00,79159.0,19015.0,1141.98,521.03
2011-07-28 21:00,79630.0,18230.0,1157.18,491.49
2011-07-28 22:00,78763.0,17791.0,1161.8,480.8
2011-07-28 23:00,75457.0,17658.0,1059.37,476.92
2011-07-29 00:00,71890.0,17691.0,1011.06,480.27
2011-07-29 01:00,69568.0,17709.0,970.67,479.6
2011-07-29 02:00,67793.0,17901.0,917.26,483.11
2011-07-29 03:00,67511.0,17929.0,914.02,493.01
2011-07-29 04:00,67581.0,18501.0,908.15,498.02
2011-07-29 05:00,68539.0,19202.0,930.24,552.98
2011-07-29 06:00,70192.0,19632.0,939.46,569.95
2011-07-29 07:00,74306.0,19607.0,1062.05,579.46
2011-07-29 08:00,79360.0,19670.0,1159.47,579.84
2011-07-29 09:00,82482.0,19594.0,1253.99,575.04
2011-07-29 10:00,83915.0,19697.0,1301.74,580.72
2011-07-29 11:00,83954.0,19653.0,1303.83,579.07
2011-07-29 12:00,83819.0,19553.0,1309.35,589.14
2011-07-29 13:00,84440.0,20028.0,1338.56,598.29
2011-07-29 14:00,84160.0,19933.0,1318.56,607.36
2011-07-29 15:00,83255.0,19881.0,1317.71,576.3
2011-07-29 16:00,82327.0,19660.0,1289.88,538.96
2011-07-29 17:00,81453.0,19728.0,1235.2,551.38
2011-07-29 18:00,80637.0,20053.0,1195.49,596.94
2011-07-29 19:00,79675.0,19880.0,1184.57,596.13
2011-07-29 20:00,78986.0,18899.0,1162.46,515.21
2011-07-29 21:00,79562.0,18249.0,1179.96,498.33
2011-07-29 22:00,78768.0,17789.0,1195.13,489.31
2011-07-29 23:00,75814.0,17671.0,1114.36,486.56
2011-07-30 00:00,70977.0,17533.0,1033.82,487.44
2011-07-30 01:00,68244.0,17536.0,975.84,488.67
2011-07-30 02:00,66748.0,17586.0,948.94,489.1
2011-07-30 03:00,65884.0,18036.0,934.06,491.09
2011-07-30 04:00,65490.0,18515.0,929.79,494.18
2011-07-30 05:00,65599.0,18997.0,919.76,505.09
2011-07-30 06:00,65883.0,19358.0,764.96,532.86
2011-07-30 07:00,68441.0,19480.0,966.18,535.64
2011-07-30 08:00,72090.0,19473.0,1014.6,552.04
2011-07-30 09:00,74813.0,19378.0,1043.44,535.23
2011-07-30 10:00,76544.0,19371.0,1074.56,534.01
2011-07-30 11:00,77181.0,19384.0,1088.52,533.94
2011-07-30 12:00,77186.0,19335.0,1083.78,535.34
2011-07-30 13:00,77059.0,19350.0,1078.52,537.13
2011-07-30 14:00,76650.0,19213.0,1075.1,536.34
2011-07-30 15:00,76363.0,19249.0,1081.25,536.44
2011-07-30 16:00,76095.0,19229.0,1068.05,532.8
2011-07-30 17:00,75668.0,19231.0,1063.93,532.87
2011-07-30 18:00,75322.0,19438.0,1070.16,539.97
2011-07-30 19:00,74898.0,19331.0,1063.98,545.41
2011-07-30 20:00,74980.0,18500.0,1061.62,519.09
2011-07-30 21:00,75689.0,17929.0,1065.78,509.4
2011-07-30 22:00,74762.0,17468.0,1096.6,491.06
2011-07-30 23:00,71981.0,17444.0,1028.28,488.86
2011-07-31 00:00,68468.0,17388.0,973.12,485.34
2011-07-31 01:00,66967.0,17345.0,942.53,484.28
2011-07-31 02:00,65447.0,17436.0,925.46,485.22
2011-07-31 03:00,64672.0,17726.0,892.61,480.74
2011-07-31 04:00,64202.0,18195.0,807.2,486.99
2011-07-31 05:00,64110.0,18705.0,766.07,493.64
2011-07-31 06:00,65338.0,19212.0,684.6,518.15
2011-07-31 07:00,67034.0,19284.0,801.67,520.87
2011-07-31 08:00,69296.0,19275.0,893.49,521.6
2011-07-31 09:00,71847.0,19198.0,953.24,517.93
2011-07-31 10:00,73670.0,19182.0,999.7,516.61
2011-07-31 11:00,74497.0,19201.0,1004.95,516.51
2011-07-31 12:00,74803.0,19160.0,1008.18,519.94
2011-07-31 13:00,74990.0,19126.0,1008.75,523.3
2011-07-31 14:00,75025.0,19039.0,1009.92,524.2
2011-07-31 15:00,74843.0,19083.0,1013.89,525.16
2011-07-31 16:00,74753.0,19100.0,1006.42,522.43
2011-07-31 17:00,74626.0,19413.0,998.1,537.56
2011-07-31 18:00,74730.0,19698.0,1002.79,565.82
2011-07-31 19:00,74609.0,19436.0,1003.8,581.82
2011-07-31 20:00,75032.0,18823.0,1004.93,539.84
2011-07-31 21:00,76093.0,17990.0,1032.62,508.26
2011-07-31 22:00,74776.0,17503.0,1027.96,506.38
2011-07-31 23:00,72767.0,17389.0,1019.66,494.06
2011-08-01 00:00,69829.0,17100.0,950.53,539.28
2011-08-01 01:00,67358.0,17180.0,900.63,540.3
2011-08-01 02:00,65806.0,17432.0,842.54,544.33
2011-08-01 03:00,65615.0,18023.0,825.81,566.84
2011-08-01 04:00,65652.0,18504.0,777.49,571.33
2011-08-01 05:00,66722.0,19273.0,780.73,627.71
2011-08-01 06:00,68339.0,20082.0,772.44,659.12
2011-08-01 07:00,72822.0,20369.0,967.98,681.22
2011-08-01 08:00,78126.0,20287.0,1072.01,679.66
2011-08-01 09:00,81565.0,20235.0,1130.92,678.36
2011-08-01 10:00,83016.0,20220.0,1133.87,679.67
2011-08-01 11:00,83050.0,20225.0,1120.89,680.13
2011-08-01 12:00,82901.0,20116.0,1118.46,679.41
2011-08-01 13:00,83546.0,20083.0,1132.19,679.28
2011-08-01 14:00,83557.0,20017.0,1136.48,678.39
2011-08-01 15:00,82765.0,19946.0,1135.07,681.29
2011-08-01 16:00,81968.0,19952.0,1120.35,673.39
2011-08-01 17:00,81073.0,19501.0,1101.69,660.31
2011-08-01 18:00,80305.0,20053.0,1085.07,684.25
2011-08-01 19:00,79426.0,19739.0,1069.56,679.66
2011-08-01 20:00,78879.0,18745.0,1065.86,593.65
2011-08-01 21:00,79335.0,17680.0,1035.31,551.73
2011-08-01 22:00,78495.0,17185.0,1035.51,544.32
2011-08-01 23:00,75305.0,16971.0,1018.42,530.01
2011-08-02 00:00,70254.0,17488.0,945.01,521.51
2011-08-02 01:00,67988.0,17563.0,907.67,522.29
2011-08-02 02:00,66363.0,17790.0,795.05,524.27
2011-08-02 03:00,65896.0,18354.0,764.69,529.35
2011-08-02 04:00,66074.0,18842.0,767.02,534.43
2011-08-02 05:00,67000.0,19386.0,766.84,570.41
2011-08-02 06:00,68593.0,19896.0,760.14,616.72
2011-08-02 07:00,72647.0,20261.0,966.62,636.39
2011-08-02 08:00,77711.0,20235.0,1053.93,637.82
2011-08-02 09:00,80848.0,20147.0,1110.91,636.7
2011-08-02 10:00,82242.0,20210.0,1125.65,655.56
2011-08-02 11:00,82192.0,20166.0,1142.84,651.13
2011-08-02 12:00,82058.0,20054.0,1134.67,651.8
2011-08-02 13:00,82600.0,19983.0,1156.11,640.22
2011-08-02 14:00,82458.0,19906.0,1145.95,639.14
2011-08-02 15:00,81798.0,19882.0,1176.28,642.08
2011-08-02 16:00,80921.0,19912.0,1137.87,646.21
2011-08-02 17:00,80133.0,19916.0,1097.93,643.34
2011-08-02 18:00,79499.0,19898.0,1075.84,639.11
2011-08-02 19:00,78631.0,19543.0,1061.75,649.6
2011-08-02 20:00,77917.0,18558.0,1049.43,553.61
2011-08-02 21:00,78271.0,17724.0,1025.24,525.76
2011-08-02 22:00,77674.0,17294.0,1048.08,523.99
2011-08-02 23:00,74907.0,17159.0,1016.35,509.89
2011-08-03 00:00,70488.0,17320.0,945.34,502.05
2011-08-03 01:00,68238.0,17404.0,891.93,504.45
2011-08-03 02:00,66818.0,17705.0,824.04,519.4
2011-08-03 03:00,66531.0,18247.0,779.6,524.44
2011-08-03 04:00,66786.0,18761.0,784.19,530.48
2011-08-03 05:00,67810.0,19249.0,791.16,552.22
2011-08-03 06:00,68660.0,19483.0,767.18,563.87
2011-08-03 07:00,72277.0,19523.0,906.24,579.84
2011-08-03 08:00,77386.0,19538.0,1049.47,580.29
2011-08-03 09:00,80464.0,19480.0,1122.69,579.69
2011-08-03 10:00,81772.0,19498.0,1116.98,580.09
2011-08-03 11:00,81625.0,19502.0,1111.77,580.24
2011-08-03 12:00,81547.0,19590.0,1098.94,611.93
2011-08-03 13:00,82021.0,19459.0,1123.28,603.55
2011-08-03 14:00,81900.0,19421.0,1120.77,602.27
2011-08-03 15:00,81335.0,19493.0,1140.08,619.3
2011-08-03 16:00,80432.0,19310.0,1127.37,585.79
2011-08-03 17:00,79549.0,19394.0,1083.47,578.73
2011-08-03 18:00,79102.0,19731.0,1069.79,639.39
2011-08-03 19:00,78302.0,19098.0,1059.29,605.79
2011-08-03 20:00,77827.0,18285.0,1047.5,525.13
2011-08-03 21:00,78196.0,17609.0,1022.4,506.6
2011-08-03 22:00,77270.0,17205.0,1029.24,505.22
2011-08-03 23:00,74261.0,17073.0,998.09,461.37
2011-08-04 00:00,69579.0,17263.0,894.77,497.96
2011-08-04 01:00,67293.0,17327.0,856.3,498.58
2011-08-04 02:00,66038.0,17551.0,787.69,501.57
2011-08-04 03:00,65554.0,18157.0,776.87,515.82
2011-08-04 04:00,65660.0,18636.0,764.74,543.32
2011-08-04 05:00,66602.0,19250.0,754.28,566.19
2011-08-04 06:00,68084.0,19594.0,768.85,578.76
2011-08-04 07:00,71870.0,19658.0,901.98,593.52
2011-08-04 08:00,76880.0,19651.0,1029.75,593.52
2011-08-04 09:00,79588.0,19610.0,1085.93,592.98
2011-08-04 10:00,80774.0,19690.0,1103.06,617.51
2011-08-04 11:00,80515.0,19669.0,1078.07,617.02
2011-08-04 12:00,80318.0,19694.0,1045.92,632.23
2011-08-04 13:00,80894.0,19747.0,1073.06,628.0
2011-08-04 14:00,80685.0,19719.0,1066.52,625.73
2011-08-04 15:00,80112.0,19704.0,1083.12,623.01
2011-08-04 16:00,79325.0,19463.0,1077.31,619.04
2011-08-04 17:00,78590.0,19488.0,1071.15,619.5
2011-08-04 18:00,78157.0,19884.0,1053.76,640.85
2011-08-04 19:00,77524.0,19524.0,1042.57,636.45
2011-08-04 20:00,77284.0,18573.0,1030.72,543.07
2011-08-04 21:00,77777.0,17783.0,1021.07,516.52
2011-08-04 22:00,76229.0,17341.0,1026.58,501.96
2011-08-04 23:00,73182.0,17285.0,985.63,500.96
2011-08-05 00:00,69108.0,17210.0,828.38,512.44
2011-08-05 01:00,66998.0,17209.0,793.17,511.65
2011-08-05 02:00,65708.0,17472.0,731.04,527.41
2011-08-05 03:00,65441.0,18002.0,697.95,530.07
2011-08-05 04:00,65714.0,18488.0,696.76,533.39
2011-08-05 05:00,66620.0,19019.0,710.66,556.88
2011-08-05 06:00,68053.0,19570.0,703.09,622.22
2011-08-05 07:00,71554.0,19926.0,858.94,641.42
2011-08-05 08:00,76543.0,19889.0,955.15,639.79
2011-08-05 09:00,79196.0,19642.0,1085.89,628.65
2011-08-05 10:00,80371.0,19953.0,1075.7,641.14
2011-08-05 11:00,80176.0,19972.0,1056.65,645.51
2011-08-05 12:00,80000.0,20031.0,1049.74,662.9
2011-08-05 13:00,80345.0,19869.0,1053.66,659.97
2011-08-05 14:00,79964.0,19707.0,1047.07,631.82
2011-08-05 15:00,79100.0,19664.0,1059.07,639.51
2011-08-05 16:00,78256.0,19230.0,1047.05,602.19
2011-08-05 17:00,77481.0,19274.0,1030.04,604.02
2011-08-05 18:00,77036.0,19953.0,1020.46,653.08
2011-08-05 19:00,76401.0,19744.0,1006.55,654.79
2011-08-05 20:00,76440.0,18366.0,989.75,532.4
2011-08-05 21:00,77251.0,17739.0,992.55,515.76
2011-08-05 22:00,75469.0,17288.0,991.12,514.14
2011-08-05 23:00,72541.0,17166.0,938.58,493.47
2011-08-06 00:00,68901.0,17008.0,927.24,492.17
2011-08-06 01:00,66775.0,17124.0,874.91,490.65
2011-08-06 02:00,65157.0,17247.0,817.86,491.64
2011-08-06 03:00,64595.0,17679.0,775.35,490.29
2011-08-06 04:00,64318.0,18128.0,755.16,507.44
2011-08-06 05:00,64553.0,18594.0,752.79,512.09
2011-08-06 06:00,64616.0,18964.0,376.59,517.09
2011-08-06 07:00,66919.0,19161.0,738.81,564.67
2011-08-06 08:00,70364.0,19205.0,925.3,544.68
2011-08-06 09:00,73279.0,19098.0,981.05,563.99
2011-08-06 10:00,74975.0,19237.0,1044.25,566.36
2011-08-06 11:00,75463.0,19166.0,1049.97,565.15
2011-08-06 12:00,75404.0,18901.0,1046.05,548.22
2011-08-06 13:00,75170.0,18881.0,1032.25,548.06
2011-08-06 14:00,74833.0,18848.0,1029.43,545.9
2011-08-06 15:00,74411.0,18847.0,1033.12,540.53
2011-08-06 16:00,74116.0,18837.0,1033.74,540.93
2011-08-06 17:00,73763.0,18889.0,1018.87,546.7
2011-08-06 18:00,73509.0,19463.0,1014.57,578.76
2011-08-06 19:00,73168.0,19076.0,991.9,562.34
2011-08-06 20:00,73450.0,18203.0,993.3,532.11
2011-08-06 21:00,74248.0,17655.0,998.67,507.89
2011-08-06 22:00,73209.0,17290.0,1026.1,505.97
2011-08-06 23:00,70274.0,17274.0,969.61,491.86
2011-08-07 00:00,67776.0,16949.0,911.12,496.6
2011-08-07 01:00,65205.0,16908.0,808.78,496.31
2011-08-07 02:00,64034.0,16969.0,789.79,496.75
2011-08-07 03:00,63410.0,17410.0,758.08,511.48
2011-08-07 04:00,63110.0,17865.0,687.91,530.46
2011-08-07 05:00,63337.0,18454.0,658.45,534.2
2011-08-07 06:00,64220.0,18925.0,365.21,551.68
2011-08-07 07:00,65850.0,19294.0,591.72,574.56
2011-08-07 08:00,68331.0,19461.0,819.0,588.9
2011-08-07 09:00,70828.0,19235.0,920.9,573.79
2011-08-07 10:00,72627.0,19074.0,969.34,573.28
2011-08-07 11:00,73191.0,19090.0,978.99,573.99
2011-08-07 12:00,73291.0,19021.0,976.48,572.6
2011-08-07 13:00,73343.0,18964.0,971.79,572.77
2011-08-07 14:00,73130.0,18961.0,971.32,573.7
2011-08-07 15:00,73021.0,18814.0,970.21,560.46
2011-08-07 16:00,72864.0,18908.0,966.22,561.65
2011-08-07 17:00,72870.0,18976.0,966.98,568.52
2011-08-07 18:00,73008.0,19276.0,965.5,591.2
2011-08-07 19:00,73105.0,19076.0,966.8,593.28
2011-08-07 20:00,73628.0,18034.0,968.79,551.01
2011-08-07 21:00,74490.0,17331.0,998.53,519.52
2011-08-07 22:00,73299.0,16986.0,1017.75,518.79
2011-08-07 23:00,70760.0,16846.0,972.93,497.8
2011-08-08 00:00,68259.0,16686.0,923.56,560.28
2011-08-08 01:00,65856.0,16723.0,828.88,570.66
2011-08-08 02:00,64749.0,17084.0,795.66,583.89
2011-08-08 03:00,64396.0,17639.0,783.09,584.69
2011-08-08 04:00,64608.0,18209.0,765.79,606.11
2011-08-08 05:00,65592.0,19010.0,742.97,618.67
2011-08-08 06:00,67313.0,19510.0,550.14,644.05
2011-08-08 07:00,71338.0,19802.0,889.04,692.85
2011-08-08 08:00,76712.0,19690.0,1062.12,717.55
2011-08-08 09:00,79516.0,19737.0,1129.11,691.66
2011-08-08 10:00,80714.0,20022.0,1123.85,696.75
2011-08-08 11:00,80579.0,20063.0,1118.4,701.79
2011-08-08 12:00,80522.0,20193.0,1115.83,700.8
2011-08-08 13:00,81126.0,20071.0,1126.82,693.47
2011-08-08 14:00,80905.0,20018.0,1117.76,701.07
2011-08-08 15:00,80232.0,19953.0,1137.9,695.17
2011-08-08 16:00,79501.0,19811.0,1115.24,694.37
2011-08-08 17:00,78801.0,19620.0,1095.16,685.05
2011-08-08 18:00,78153.0,19957.0,1072.45,681.3
2011-08-08 19:00,77645.0,19635.0,1056.38,686.7
2011-08-08 20:00,77550.0,18177.0,1059.35,601.23
2011-08-08 21:00,77951.0,17538.0,1038.39,581.62
2011-08-08 22:00,76509.0,17068.0,1027.71,566.92
2011-08-08 23:00,73334.0,16843.0,993.12,561.07
2011-08-09 00:00,68557.0,17440.0,838.43,473.89
2011-08-09 01:00,66395.0,17548.0,813.28,501.22
2011-08-09 02:00,65259.0,17780.0,764.61,510.86
2011-08-09 03:00,65016.0,18274.0,735.59,512.19
2011-08-09 04:00,65380.0,18732.0,707.6,516.79
2011-08-09 05:00,66409.0,19281.0,743.01,543.97
2011-08-09 06:00,68330.0,19612.0,754.96,561.08
2011-08-09 07:00,72076.0,19707.0,978.1,572.39
2011-08-09 08:00,77014.0,19893.0,1087.42,591.82
2011-08-09 09:00,79644.0,19927.0,1143.91,609.51
2011-08-09 10:00,80723.0,20044.0,1135.92,624.54
2011-08-09 11:00,80510.0,20010.0,1121.15,624.01
2011-08-09 12:00,80254.0,20128.0,1106.13,629.47
2011-08-09 13:00,80828.0,19694.0,1126.85,584.76
2011-08-09 14:00,80480.0,19520.0,1103.7,570.35
2011-08-09 15:00,79851.0,19926.0,1141.85,624.6
2011-08-09 16:00,79103.0,19999.0,1129.28,623.4
2011-08-09 17:00,78405.0,20030.0,1095.41,624.66
2011-08-09 18:00,77731.0,19959.0,1078.03,605.11
2011-08-09 19:00,77236.0,19503.0,1072.57,599.64
2011-08-09 20:00,77016.0,18716.0,1060.12,553.19
2011-08-09 21:00,77417.0,18120.0,1036.31,524.32
2011-08-09 22:00,76212.0,17710.0,1040.52,508.7
2011-08-09 23:00,73202.0,17490.0,991.44,503.91
2011-08-10 00:00,69053.0,17445.0,878.19,501.51
2011-08-10 01:00,66780.0,17574.0,789.26,501.49
2011-08-10 02:00,65618.0,17819.0,759.8,511.08
2011-08-10 03:00,65414.0,18325.0,722.9,513.6
2011-08-10 04:00,65889.0,18787.0,742.55,525.91
2011-08-10 05:00,66843.0,19390.0,807.81,556.62
2011-08-10 06:00,68719.0,19936.0,758.42,599.83
2011-08-10 07:00,72358.0,20071.0,935.48,619.69
2011-08-10 08:00,76938.0,20123.0,1066.36,631.59
2011-08-10 09:00,79718.0,20084.0,1135.82,662.32
2011-08-10 10:00,80653.0,20239.0,1128.6,627.25
2011-08-10 11:00,80504.0,20218.0,1124.16,627.21
2011-08-10 12:00,80363.0,20108.0,1115.68,626.93
2011-08-10 13:00,80878.0,20004.0,1136.47,623.14
2011-08-10 14:00,80621.0,19981.0,1118.74,625.8
2011-08-10 15:00,79961.0,20008.0,1146.62,624.76
2011-08-10 16:00,79334.0,20034.0,1144.38,622.43
2011-08-10 17:00,78695.0,20078.0,1082.72,584.71
2011-08-10 18:00,78105.0,20119.0,1068.09,574.68
2011-08-10 19:00,77358.0,19684.0,1044.18,576.43
2011-08-10 20:00,77245.0,18613.0,1049.41,528.9
2011-08-10 21:00,77801.0,17973.0,1025.51,511.09
2011-08-10 22:00,76381.0,17509.0,1013.63,496.56
2011-08-10 23:00,73245.0,17344.0,979.15,475.9
2011-08-11 00:00,69282.0,17490.0,898.39,455.92
2011-08-11 01:00,66959.0,17537.0,834.23,467.73
2011-08-11 02:00,65831.0,17892.0,786.74,473.25
2011-08-11 03:00,65497.0,18435.0,732.45,497.29
2011-08-11 04:00,65876.0,19067.0,734.37,520.53
2011-08-11 05:00,66927.0,19773.0,779.29,542.94
2011-08-11 06:00,68566.0,20202.0,795.89,585.44
2011-08-11 07:00,72380.0,20205.0,943.68,587.28
2011-08-11 08:00,77027.0,20190.0,1021.18,586.67
2011-08-11 09:00,79971.0,20110.0,1101.74,584.63
2011-08-11 10:00,80946.0,20132.0,1077.69,583.11
2011-08-11 11:00,80553.0,20084.0,1069.56,584.08
2011-08-11 12:00,80305.0,20052.0,1062.48,583.72
2011-08-11 13:00,80965.0,19944.0,1073.25,582.14
2011-08-11 14:00,80861.0,19922.0,1070.11,581.86
2011-08-11 15:00,80342.0,19880.0,1087.46,541.89
2011-08-11 16:00,79578.0,19935.0,1067.28,552.85
2011-08-11 17:00,79079.0,20039.0,1061.54,552.27
2011-08-11 18:00,78318.0,20090.0,1048.79,530.98
2011-08-11 19:00,77747.0,19704.0,1022.03,527.82
2011-08-11 20:00,77617.0,18861.0,1010.31,506.45
2011-08-11 21:00,77994.0,18209.0,990.09,475.61
2011-08-11 22:00,76634.0,17789.0,983.62,463.56
2011-08-11 23:00,73298.0,17617.0,927.88,458.9
2011-08-12 00:00,69271.0,17530.0,863.5,477.18
2011-08-12 01:00,67230.0,17588.0,814.1,486.37
2011-08-12 02:00,65852.0,17883.0,763.77,491.3
2011-08-12 03:00,65731.0,18085.0,752.68,508.81
2011-08-12 04:00,66228.0,18580.0,756.24,513.16
2011-08-12 05:00,67286.0,19186.0,775.2,541.03
2011-08-12 06:00,68655.0,19827.0,826.32,563.25
2011-08-12 07:00,72659.0,19879.0,968.17,573.74
2011-08-12 08:00,77419.0,19951.0,1092.32,566.98
2011-08-12 09:00,80228.0,19737.0,1209.36,615.69
2011-08-12 10:00,81218.0,19529.0,1190.13,558.79
2011-08-12 11:00,81201.0,19483.0,1187.39,548.19
2011-08-12 12:00,80769.0,19403.0,1211.15,560.18
2011-08-12 13:00,81150.0,19906.0,1185.45,555.55
2011-08-12 14:00,80846.0,19783.0,1177.63,546.84
2011-08-12 15:00,80018.0,19755.0,1185.07,546.55
2011-08-12 16:00,79266.0,19671.0,1179.81,549.32
2011-08-12 17:00,78698.0,19734.0,1133.51,553.91
2011-08-12 18:00,78125.0,19983.0,1113.49,546.68
2011-08-12 19:00,77613.0,19736.0,1082.71,562.33
2011-08-12 20:00,77316.0,18873.0,1063.9,521.97
2011-08-12 21:00,77843.0,18233.0,1061.96,501.99
2011-08-12 22:00,76392.0,17800.0,1026.47,497.77
2011-08-12 23:00,73117.0,17572.0,965.51,485.71
2011-08-13 00:00,69571.0,17522.0,985.22,459.58
2011-08-13 01:00,67207.0,17499.0,917.64,456.3
2011-08-13 02:00,65596.0,17694.0,839.25,461.07
2011-08-13 03:00,65211.0,18007.0,819.09,461.05
2011-08-13 04:00,64994.0,18447.0,802.46,475.23
2011-08-13 05:00,65074.0,19069.0,785.64,481.01
2011-08-13 06:00,65575.0,19598.0,787.37,510.52
2011-08-13 07:00,67557.0,19866.0,868.45,554.61
2011-08-13 08:00,70981.0,19817.0,1024.77,554.43
2011-08-13 09:00,73898.0,19848.0,1071.37,554.11
2011-08-13 10:00,75435.0,19748.0,1083.42,554.56
2011-08-13 11:00,75672.0,19697.0,1086.27,554.48
2011-08-13 12:00,75575.0,19628.0,1079.39,552.51
2011-08-13 13:00,75348.0,19594.0,1058.73,552.1
2011-08-13 14:00,75088.0,19646.0,1050.91,554.1
2011-08-13 15:00,74699.0,19634.0,1062.84,553.93
2011-08-13 16:00,74341.0,19659.0,1061.89,553.51
2011-08-13 17:00,74164.0,19735.0,1057.42,556.88
2011-08-13 18:00,73881.0,19867.0,1052.16,544.85
2011-08-13 19:00,73704.0,19592.0,1049.61,542.58
2011-08-13 20:00,74183.0,18785.0,1047.27,529.6
2011-08-13 21:00,74909.0,18158.0,1043.1,482.04
2011-08-13 22:00,73881.0,17737.0,1019.28,477.9
2011-08-13 23:00,70630.0,17604.0,977.93,461.8
2011-08-14 00:00,67793.0,17503.0,944.15,483.05
2011-08-14 01:00,65767.0,17293.0,856.24,480.42
2011-08-14 02:00,64505.0,17392.0,799.93,484.65
2011-08-14 03:00,63878.0,17621.0,769.39,486.33
2011-08-14 04:00,63670.0,18037.0,730.93,487.2
2011-08-14 05:00,63778.0,18545.0,686.73,500.43
2011-08-14 06:00,64745.0,19076.0,745.79,517.75
2011-08-14 07:00,65672.0,19203.0,770.41,529.07
2011-08-14 08:00,68429.0,19166.0,897.5,529.05
2011-08-14 09:00,71129.0,19149.0,1015.04,529.96
2011-08-14 10:00,72908.0,19091.0,1040.76,528.96
2011-08-14 11:00,73502.0,19022.0,1047.42,528.89
2011-08-14 12:00,73562.0,19048.0,1050.8,532.92
2011-08-14 13:00,73426.0,19020.0,1039.43,524.42
2011-08-14 14:00,73442.0,19047.0,1038.61,532.44
2011-08-14 15:00,73404.0,19065.0,1042.34,537.06
2011-08-14 16:00,73243.0,19053.0,1031.55,536.27
2011-08-14 17:00,73216.0,19132.0,1022.61,526.69
2011-08-14 18:00,73206.0,19347.0,1025.66,539.8
2011-08-14 19:00,73332.0,19600.0,1034.19,521.0
2011-08-14 20:00,74414.0,18774.0,1029.42,494.54
2011-08-14 21:00,75504.0,18038.0,1047.12,487.44
2011-08-14 22:00,74015.0,17662.0,1032.56,474.72
2011-08-14 23:00,71080.0,17423.0,995.4,471.23
2011-08-15 00:00,67924.0,17449.0,941.79,469.6
2011-08-15 01:00,65580.0,17529.0,834.65,476.92
2011-08-15 02:00,64547.0,17905.0,794.99,484.36
2011-08-15 03:00,64588.0,18411.0,785.71,492.07
2011-08-15 04:00,64918.0,18990.0,779.75,496.68
2011-08-15 05:00,66130.0,19712.0,773.35,516.51
2011-08-15 06:00,68039.0,20144.0,810.13,562.48
2011-08-15 07:00,72208.0,20352.0,969.39,571.64
2011-08-15 08:00,77341.0,20476.0,1094.02,571.76
2011-08-15 09:00,80352.0,20364.0,1155.59,655.64
2011-08-15 10:00,81478.0,20412.0,1145.41,600.65
2011-08-15 11:00,81466.0,20378.0,1148.38,605.82
2011-08-15 12:00,81290.0,20294.0,1151.74,605.84
2011-08-15 13:00,82011.0,20209.0,1173.75,578.08
2011-08-15 14:00,81796.0,20200.0,1166.33,578.23
2011-08-15 15:00,81202.0,20066.0,1191.8,576.04
2011-08-15 16:00,80417.0,20169.0,1173.81,586.86
2011-08-15 17:00,79989.0,20205.0,1154.3,575.94
2011-08-15 18:00,79108.0,20265.0,1125.44,576.05
2011-08-15 19:00,78489.0,19822.0,1106.98,531.83
2011-08-15 20:00,78165.0,18812.0,1086.12,492.61
2011-08-15 21:00,78513.0,18247.0,1090.35,489.71
2011-08-15 22:00,77053.0,17754.0,1037.63,474.97
2011-08-15 23:00,73607.0,17628.0,992.84,472.62
2011-08-16 00:00,69668.0,17563.0,932.63,459.15
2011-08-16 01:00,67177.0,17682.0,832.2,472.06
2011-08-16 02:00,66094.0,18022.0,766.78,478.38
2011-08-16 03:00,66017.0,18585.0,725.27,480.88
2011-08-16 04:00,66357.0,19172.0,727.51,487.46
2011-08-16 05:00,67288.0,19708.0,752.35,508.43
2011-08-16 06:00,69510.0,20244.0,787.87,563.49
2011-08-16 07:00,73312.0,20379.0,960.81,534.18
2011-08-16 08:00,77870.0,20370.0,1045.54,578.19
2011-08-16 09:00,80550.0,20186.0,1108.23,584.66
2011-08-16 10:00,81685.0,20301.0,1091.59,525.68
2011-08-16 11:00,81320.0,20287.0,1083.2,536.9
2011-08-16 12:00,80584.0,20220.0,1045.44,537.04
2011-08-16 13:00,81357.0,20210.0,1077.53,524.07
2011-08-16 14:00,81189.0,20129.0,1071.9,527.93
2011-08-16 15:00,80613.0,20152.0,1079.59,526.31
2011-08-16 16:00,79872.0,20142.0,1062.82,515.86
2011-08-16 17:00,79403.0,20221.0,1033.17,523.76
2011-08-16 18:00,78839.0,20193.0,1020.78,556.48
2011-08-16 19:00,78449.0,19699.0,1014.98,525.15
2011-08-16 20:00,78175.0,18848.0,1011.28,483.49
2011-08-16 21:00,78671.0,18127.0,1008.45,467.7
2011-08-16 22:00,76891.0,17746.0,989.18,466.4
2011-08-16 23:00,73585.0,17593.0,970.22,402.53
2011-08-17 00:00,69559.0,17645.0,902.27,458.17
2011-08-17 01:00,67211.0,17699.0,795.24,463.57
2011-08-17 02:00,66152.0,17973.0,722.71,468.06
2011-08-17 03:00,65835.0,18504.0,710.11,469.44
2011-08-17 04:00,66214.0,19019.0,715.03,481.98
2011-08-17 05:00,67390.0,19599.0,746.53,490.98
2011-08-17 06:00,69562.0,20101.0,782.61,532.18
2011-08-17 07:00,73273.0,20161.0,956.95,532.25
2011-08-17 08:00,77899.0,20121.0,1053.42,532.04
2011-08-17 09:00,80750.0,20053.0,1114.94,531.2
2011-08-17 10:00,81880.0,20128.0,1105.98,531.85
2011-08-17 11:00,81714.0,20116.0,1098.94,531.68
2011-08-17 12:00,81454.0,19982.0,1095.76,516.35
2011-08-17 13:00,82214.0,19962.0,1108.1,505.86
2011-08-17 14:00,81965.0,19904.0,1097.96,505.17
2011-08-17 15:00,81386.0,19859.0,1103.81,504.9
2011-08-17 16:00,80481.0,19944.0,1089.26,516.72
2011-08-17 17:00,79909.0,19982.0,1082.57,505.57
2011-08-17 18:00,79396.0,20167.0,1059.69,522.04
2011-08-17 19:00,78956.0,19724.0,1050.34,516.48
2011-08-17 20:00,78855.0,18884.0,1055.3,484.85
2011-08-17 21:00,79371.0,18217.0,1053.26,477.84
2011-08-17 22:00,77413.0,17759.0,989.94,467.67
2011-08-17 23:00,73867.0,17659.0,947.84,466.18
2011-08-18 00:00,69344.0,17593.0,884.85,474.47
2011-08-18 01:00,66952.0,17597.0,730.31,474.96
2011-08-18 02:00,65864.0,17854.0,700.93,477.71
2011-08-18 03:00,65568.0,18352.0,643.41,490.8
2011-08-18 04:00,65858.0,18939.0,631.74,515.12
2011-08-18 05:00,67103.0,19489.0,712.28,520.26
2011-08-18 06:00,69141.0,19983.0,753.24,542.63
2011-08-18 07:00,72785.0,20008.0,912.95,543.3
2011-08-18 08:00,77461.0,19945.0,1029.01,542.41
2011-08-18 09:00,80179.0,19851.0,1084.9,542.85
2011-08-18 10:00,81257.0,19937.0,1084.44,546.26
2011-08-18 11:00,81304.0,19874.0,1081.78,545.72
2011-08-18 12:00,80979.0,19784.0,1077.62,545.33
2011-08-18 13:00,81765.0,19851.0,1086.21,537.34
2011-08-18 14:00,81635.0,19692.0,1079.89,529.46
2011-08-18 15:00,81033.0,19746.0,1098.31,528.52
2011-08-18 16:00,80366.0,19874.0,1080.56,535.14
2011-08-18 17:00,79791.0,19767.0,1053.64,519.94
2011-08-18 18:00,78782.0,20240.0,1024.14,590.33
2011-08-18 19:00,78457.0,19574.0,1019.52,529.63
2011-08-18 20:00,78571.0,18656.0,1033.24,494.06
2011-08-18 21:00,78918.0,17988.0,1022.05,477.12
2011-08-18 22:00,77175.0,17760.0,984.21,473.8
2011-08-18 23:00,73530.0,17515.0,912.73,448.8
2011-08-19 00:00,69166.0,17508.0,830.67,459.43
2011-08-19 01:00,66780.0,17440.0,740.4,460.82
2011-08-19 02:00,65584.0,17689.0,683.92,463.08
2011-08-19 03:00,65305.0,18409.0,651.01,463.66
2011-08-19 04:00,65742.0,19061.0,647.98,478.69
2011-08-19 05:00,66946.0,19622.0,708.0,499.66
2011-08-19 06:00,69757.0,20095.0,756.33,500.36
2011-08-19 07:00,72591.0,20143.0,879.27,510.98
2011-08-19 08:00,77266.0,20054.0,1018.32,516.19
2011-08-19 09:00,79994.0,19695.0,1077.07,557.43
2011-08-19 10:00,81189.0,19754.0,1095.58,542.19
2011-08-19 11:00,80956.0,19783.0,1088.2,542.06
2011-08-19 12:00,80565.0,19684.0,1077.42,569.97
2011-08-19 13:00,81072.0,19718.0,1085.44,539.1
2011-08-19 14:00,80762.0,19926.0,1079.99,502.72
2011-08-19 15:00,80074.0,19757.0,1072.99,515.24
2011-08-19 16:00,79131.0,19756.0,1059.8,484.39
2011-08-19 17:00,78544.0,19694.0,1026.67,484.54
2011-08-19 18:00,77888.0,20048.0,1002.69,560.95
2011-08-19 19:00,77479.0,19448.0,1000.7,494.66
2011-08-19 20:00,77533.0,18637.0,1022.87,477.8
2011-08-19 21:00,77947.0,17951.0,1011.09,462.32
2011-08-19 22:00,77063.0,17566.0,981.27,461.23
2011-08-19 23:00,72864.0,17483.0,901.22,460.52
2011-08-20 00:00,69244.0,17351.0,815.39,466.88
2011-08-20 01:00,67006.0,17386.0,793.99,467.28
2011-08-20 02:00,65534.0,17495.0,699.8,468.9
2011-08-20 03:00,65165.0,17818.0,675.04,469.56
2011-08-20 04:00,65098.0,18268.0,648.19,472.39
2011-08-20 05:00,65262.0,18784.0,631.47,486.92
2011-08-20 06:00,66163.0,19286.0,584.08,489.23
2011-08-20 07:00,67822.0,19385.0,718.43,491.43
2011-08-20 08:00,71058.0,19345.0,900.55,507.36
2011-08-20 09:00,73728.0,19296.0,987.22,490.79
2011-08-20 10:00,75127.0,19240.0,1005.35,489.76
2011-08-20 11:00,75315.0,19245.0,1001.87,488.68
2011-08-20 12:00,75103.0,19172.0,998.2,490.3
2011-08-20 13:00,74979.0,19243.0,996.82,492.54
2011-08-20 14:00,74789.0,19199.0,991.15,489.52
2011-08-20 15:00,74420.0,19248.0,996.44,494.37
2011-08-20 16:00,74215.0,19250.0,999.66,490.01
2011-08-20 17:00,73945.0,19256.0,966.52,490.38
2011-08-20 18:00,73919.0,19484.0,975.62,520.89
2011-08-20 19:00,73944.0,19190.0,983.2,500.97
2011-08-20 20:00,74553.0,18440.0,986.48,485.46
2011-08-20 21:00,75135.0,17774.0,964.25,470.75
2011-08-20 22:00,73717.0,17387.0,970.8,469.26
2011-08-20 23:00,71247.0,17312.0,905.6,468.08
2011-08-21 00:00,67525.0,17077.0,820.03,472.77
2011-08-21 01:00,65763.0,17075.0,732.07,469.64
2011-08-21 02:00,63900.0,17173.0,644.11,473.63
2011-08-21 03:00,63730.0,17229.0,615.33,469.98
2011-08-21 04:00,63719.0,17645.0,350.62,483.5
2011-08-21 05:00,63837.0,18274.0,327.48,490.35
2011-08-21 06:00,64990.0,18839.0,274.08,493.95
2011-08-21 07:00,65888.0,18970.0,357.94,544.25
2011-08-21 08:00,68345.0,18960.0,430.82,526.62
2011-08-21 09:00,70971.0,18928.0,918.77,526.97
2011-08-21 10:00,72760.0,18958.0,1000.09,491.6
2011-08-21 11:00,73440.0,18953.0,1005.55,491.38
2011-08-21 12:00,73447.0,18914.0,1002.15,491.46
2011-08-21 13:00,73547.0,19049.0,1002.78,505.08
2011-08-21 14:00,73551.0,19021.0,998.89,496.59
2011-08-21 15:00,73549.0,19119.0,989.3,518.17
2011-08-21 16:00,73446.0,19160.0,970.9,506.18
2011-08-21 17:00,73388.0,19385.0,955.03,509.59
2011-08-21 18:00,73623.0,19522.0,956.94,530.48
2011-08-21 19:00,74007.0,18966.0,967.67,509.42
2011-08-21 20:00,75001.0,18286.0,977.58,488.93
2011-08-21 21:00,76035.0,17596.0,1002.53,474.0
2011-08-21 22:00,74747.0,17198.0,989.92,459.16
2011-08-21 23:00,70985.0,17140.0,912.54,457.32
2011-08-22 00:00,67941.0,17514.0,836.31,446.76
2011-08-22 01:00,65793.0,17564.0,769.9,446.88
2011-08-22 02:00,64528.0,17782.0,696.29,450.19
2011-08-22 03:00,64475.0,18280.0,679.62,452.74
2011-08-22 04:00,65105.0,18781.0,669.54,469.81
2011-08-22 05:00,66137.0,19346.0,686.94,490.45
2011-08-22 06:00,68880.0,19904.0,725.64,513.8
2011-08-22 07:00,72763.0,20009.0,953.73,516.26
2011-08-22 08:00,77683.0,19964.0,1028.55,515.46
2011-08-22 09:00,80796.0,19877.0,1091.32,514.86
2011-08-22 10:00,81581.0,19863.0,1101.02,515.09
2011-08-22 11:00,81348.0,19863.0,1092.23,516.19
2011-08-22 12:00,81050.0,19801.0,1076.96,516.84
2011-08-22 13:00,81784.0,19814.0,1101.53,515.01
2011-08-22 14:00,81629.0,19735.0,1094.85,506.9
2011-08-22 15:00,80921.0,19755.0,1111.22,515.64
2011-08-22 16:00,80009.0,19825.0,1067.25,519.9
2011-08-22 17:00,79013.0,19904.0,1034.27,547.21
2011-08-22 18:00,78262.0,19932.0,1019.66,518.77
2011-08-22 19:00,77959.0,19519.0,990.79,503.03
2011-08-22 20:00,78292.0,18700.0,1003.83,469.91
2011-08-22 21:00,78678.0,18126.0,992.69,452.65
2011-08-22 22:00,77394.0,17747.0,1005.59,450.71
2011-08-22 23:00,73423.0,17729.0,954.99,450.12
2011-08-23 00:00,68834.0,17601.0,824.0,448.33
2011-08-23 01:00,66324.0,17653.0,691.69,449.3
2011-08-23 02:00,64988.0,17902.0,596.53,454.1
2011-08-23 03:00,65048.0,18364.0,582.46,466.37
2011-08-23 04:00,65720.0,18891.0,578.36,470.7
2011-08-23 05:00,67093.0,19459.0,664.85,494.41
2011-08-23 06:00,69681.0,19935.0,764.6,517.67
2011-08-23 07:00,72990.0,19966.0,904.8,519.51
2011-08-23 08:00,77431.0,19973.0,987.81,519.28
2011-08-23 09:00,80289.0,19909.0,1050.31,518.03
2011-08-23 10:00,81220.0,19932.0,1074.9,516.27
2011-08-23 11:00,80932.0,19904.0,1059.25,515.77
2011-08-23 12:00,80584.0,19832.0,1038.37,516.16
2011-08-23 13:00,81198.0,19908.0,1056.41,517.1
2011-08-23 14:00,80931.0,19819.0,1039.31,516.29
2011-08-23 15:00,80374.0,19887.0,1062.99,526.78
2011-08-23 16:00,79595.0,19976.0,1032.26,518.91
2011-08-23 17:00,78939.0,20014.0,1020.11,528.09
2011-08-23 18:00,78079.0,19938.0,1011.07,527.49
2011-08-23 19:00,77741.0,19474.0,1004.5,501.66
2011-08-23 20:00,77934.0,18633.0,1002.04,469.19
2011-08-23 21:00,78056.0,18004.0,971.57,450.98
2011-08-23 22:00,77314.0,17685.0,973.93,449.55
2011-08-23 23:00,73335.0,17655.0,903.77,448.11
2011-08-24 00:00,68380.0,17587.0,765.96,448.06
2011-08-24 01:00,66248.0,17657.0,638.72,448.59
2011-08-24 02:00,65120.0,17875.0,575.42,451.93
2011-08-24 03:00,65161.0,18341.0,578.33,454.93
2011-08-24 04:00,65707.0,18870.0,603.62,458.03
2011-08-24 05:00,67078.0,19422.0,653.98,502.91
2011-08-24 06:00,70002.0,19859.0,742.47,513.82
2011-08-24 07:00,72939.0,19911.0,861.41,515.21
2011-08-24 08:00,77575.0,19884.0,970.9,514.8
2011-08-24 09:00,80286.0,19825.0,1047.13,514.37
2011-08-24 10:00,81093.0,19914.0,1059.26,517.3
2011-08-24 11:00,80720.0,19912.0,1050.66,525.45
2011-08-24 12:00,80254.0,19814.0,1027.28,525.55
2011-08-24 13:00,80798.0,19838.0,1049.33,524.33
2011-08-24 14:00,80653.0,19810.0,1044.99,514.62
2011-08-24 15:00,79962.0,19841.0,1055.88,515.58
2011-08-24 16:00,79179.0,19880.0,1036.89,545.37
2011-08-24 17:00,78627.0,19979.0,1020.22,516.67
2011-08-24 18:00,78245.0,19925.0,1015.96,516.48
2011-08-24 19:00,78357.0,19496.0,1023.0,500.51
2011-08-24 20:00,78739.0,18728.0,1020.31,470.02
2011-08-24 21:00,78388.0,18135.0,991.21,466.82
2011-08-24 22:00,77506.0,17714.0,989.93,449.86
2011-08-24 23:00,73128.0,17635.0,873.31,448.12
2011-08-25 00:00,68788.0,17590.0,809.48,448.92
2011-08-25 01:00,66589.0,17692.0,700.98,449.81
2011-08-25 02:00,65853.0,17905.0,654.73,454.17
2011-08-25 03:00,65805.0,18362.0,650.07,470.91
2011-08-25 04:00,66456.0,18912.0,690.83,473.82
2011-08-25 05:00,67980.0,19382.0,777.4,504.72
2011-08-25 06:00,70857.0,19806.0,823.26,506.6
2011-08-25 07:00,73668.0,19774.0,927.6,521.91
2011-08-25 08:00,77836.0,19724.0,1006.26,521.3
2011-08-25 09:00,80278.0,19723.0,1066.58,521.68
2011-08-25 10:00,81141.0,19732.0,1085.39,522.7
2011-08-25 11:00,80602.0,19715.0,1068.03,521.62
2011-08-25 12:00,80575.0,19800.0,1116.59,518.09
2011-08-25 13:00,81028.0,19840.0,1123.04,516.42
2011-08-25 14:00,80692.0,19735.0,1067.68,499.84
2011-08-25 15:00,80427.0,19782.0,1137.06,500.9
2011-08-25 16:00,79756.0,19909.0,1080.48,512.44
2011-08-25 17:00,79221.0,19971.0,1061.48,502.46
2011-08-25 18:00,78991.0,19905.0,1060.93,515.94
2011-08-25 19:00,78864.0,19346.0,1062.15,488.46
2011-08-25 20:00,79250.0,18756.0,1054.92,472.51
2011-08-25 21:00,79112.0,18078.0,1020.7,467.56
2011-08-25 22:00,78046.0,17692.0,1012.35,451.06
2011-08-25 23:00,73831.0,17627.0,880.2,449.42
2011-08-26 00:00,68806.0,17752.0,776.57,455.65
2011-08-26 01:00,66819.0,17843.0,648.35,467.54
2011-08-26 02:00,65641.0,18022.0,624.65,474.84
2011-08-26 03:00,65613.0,18664.0,610.38,477.74
2011-08-26 04:00,66619.0,19235.0,681.85,487.64
2011-08-26 05:00,68419.0,19785.0,786.02,506.28
2011-08-26 06:00,71066.0,20278.0,743.26,523.38
2011-08-26 07:00,74199.0,20364.0,916.03,531.45
2011-08-26 08:00,78419.0,20272.0,1114.69,524.52
2011-08-26 09:00,80555.0,20128.0,1166.4,524.43
2011-08-26 10:00,81399.0,20224.0,1181.43,535.0
2011-08-26 11:00,80871.0,20168.0,1168.95,534.33
2011-08-26 12:00,80495.0,20107.0,1165.52,533.06
2011-08-26 13:00,80913.0,20067.0,1171.15,517.25
2011-08-26 14:00,80537.0,20010.0,1117.7,517.29
2011-08-26 15:00,79918.0,20009.0,1157.87,517.65
2011-08-26 16:00,79216.0,20110.0,1104.51,521.91
2011-08-26 17:00,78833.0,20068.0,1086.95,505.0
2011-08-26 18:00,78529.0,20100.0,1089.59,515.26
2011-08-26 19:00,78423.0,19607.0,1123.14,513.32
2011-08-26 20:00,78845.0,18643.0,1130.23,488.72
2011-08-26 21:00,78776.0,18072.0,1057.22,486.34
2011-08-26 22:00,77102.0,17705.0,1009.55,474.92
2011-08-26 23:00,73065.0,17638.0,921.53,472.42
2011-08-27 00:00,69335.0,17500.0,873.95,496.37
2011-08-27 01:00,67214.0,17539.0,837.79,493.83
2011-08-27 02:00,65808.0,17646.0,791.91,495.63
2011-08-27 03:00,65598.0,18111.0,781.41,500.72
2011-08-27 04:00,65732.0,18590.0,789.68,515.14
2011-08-27 05:00,66345.0,19040.0,815.32,525.8
2011-08-27 06:00,67266.0,19649.0,784.36,550.39
2011-08-27 07:00,69241.0,19871.0,880.04,583.31
2011-08-27 08:00,71955.0,19950.0,953.81,580.61
2011-08-27 09:00,74590.0,19690.0,1064.44,568.18
2011-08-27 10:00,75796.0,19869.0,1069.31,576.2
2011-08-27 11:00,76049.0,19813.0,1076.43,582.71
2011-08-27 12:00,75766.0,19875.0,1069.15,599.02
2011-08-27 13:00,75704.0,19905.0,1074.52,597.38
2011-08-27 14:00,75598.0,19956.0,1084.72,599.64
2011-08-27 15:00,75082.0,20044.0,1080.23,603.47
2011-08-27 16:00,74912.0,20186.0,1075.0,619.11
2011-08-27 17:00,74588.0,19837.0,1037.33,589.99
2011-08-27 18:00,74635.0,20330.0,1042.98,623.07
2011-08-27 19:00,75148.0,19344.0,1046.56,557.66
2011-08-27 20:00,76155.0,18454.0,1064.1,514.36
2011-08-27 21:00,76191.0,17864.0,1042.97,511.14
2011-08-27 22:00,74336.0,17459.0,1021.06,499.72
2011-08-27 23:00,70418.0,17404.0,948.92,497.61
2011-08-28 00:00,68043.0,17426.0,937.26,461.29
2011-08-28 01:00,65920.0,17411.0,876.59,461.39
2011-08-28 02:00,64775.0,17557.0,815.68,461.4
2011-08-28 03:00,64436.0,17914.0,799.03,487.74
2011-08-28 04:00,64251.0,18347.0,789.98,493.63
2011-08-28 05:00,64674.0,18864.0,790.44,511.25
2011-08-28 06:00,65533.0,19449.0,728.96,521.99
2011-08-28 07:00,67658.0,19546.0,875.56,524.23
2011-08-28 08:00,69449.0,19540.0,917.53,523.97
2011-08-28 09:00,71896.0,19450.0,1018.9,525.11
2011-08-28 10:00,73618.0,19475.0,1070.28,535.08
2011-08-28 11:00,74220.0,19498.0,1091.33,534.92
2011-08-28 12:00,74326.0,19552.0,1090.91,534.6
2011-08-28 13:00,74403.0,19634.0,1089.92,541.53
2011-08-28 14:00,74381.0,19641.0,1089.03,535.88
2011-08-28 15:00,74322.0,19709.0,1089.6,543.93
2011-08-28 16:00,74358.0,19824.0,1076.49,537.43
2011-08-28 17:00,74284.0,19875.0,1075.6,539.41
2011-08-28 18:00,74672.0,19931.0,1084.15,545.66
2011-08-28 19:00,75539.0,19423.0,1125.15,522.88
2011-08-28 20:00,76693.0,18575.0,1116.98,508.08
2011-08-28 21:00,76571.0,17905.0,1093.16,495.14
2011-08-28 22:00,75120.0,17573.0,1095.43,461.47
2011-08-28 23:00,71148.0,17489.0,962.15,461.3
2011-08-29 00:00,67743.0,17598.0,840.98,490.64
2011-08-29 01:00,65434.0,17873.0,782.21,500.52
2011-08-29 02:00,64478.0,18139.0,732.25,507.57
2011-08-29 03:00,64613.0,18634.0,734.08,509.96
2011-08-29 04:00,65134.0,19168.0,750.11,514.34
2011-08-29 05:00,66731.0,19815.0,790.84,558.11
2011-08-29 06:00,69664.0,20035.0,693.25,555.05
2011-08-29 07:00,72921.0,20077.0,861.25,565.18
2011-08-29 08:00,77463.0,20060.0,1072.42,556.7
2011-08-29 09:00,80225.0,19988.0,1154.87,555.3
2011-08-29 10:00,80988.0,19959.0,1142.34,555.58
2011-08-29 11:00,80843.0,19939.0,1127.1,555.23
2011-08-29 12:00,80042.0,19887.0,1111.89,553.73
2011-08-29 13:00,80595.0,19858.0,1111.31,561.37
2011-08-29 14:00,80798.0,19843.0,1115.23,560.72
2011-08-29 15:00,80131.0,19926.0,1140.65,568.55
2011-08-29 16:00,79572.0,20105.0,1116.75,576.34
2011-08-29 17:00,79061.0,20053.0,1100.5,570.6
2011-08-29 18:00,78721.0,20722.0,1091.67,650.55
2011-08-29 19:00,79108.0,20106.0,1126.4,627.35
2011-08-29 20:00,79776.0,18773.0,1114.98,522.76
2011-08-29 21:00,79832.0,18230.0,1103.38,504.71
2011-08-29 22:00,77771.0,17744.0,1070.8,491.87
2011-08-29 23:00,73231.0,17678.0,814.54,491.28
2011-08-30 00:00,68534.0,17692.0,759.89,490.93
2011-08-30 01:00,66041.0,18058.0,658.92,504.56
2011-08-30 02:00,65314.0,18443.0,645.58,511.71
2011-08-30 03:00,65503.0,18987.0,648.51,517.59
2011-08-30 04:00,65925.0,19659.0,666.52,536.7
2011-08-30 05:00,67430.0,20326.0,707.07,591.01
2011-08-30 06:00,70071.0,20895.0,623.01,616.75
2011-08-30 07:00,73291.0,20913.0,753.64,640.92
2011-08-30 08:00,77631.0,20815.0,989.22,632.9
2011-08-30 09:00,80475.0,20789.0,1080.54,602.86
2011-08-30 10:00,81209.0,20794.0,1083.41,632.67
2011-08-30 11:00,80982.0,20737.0,1075.71,631.86
2011-08-30 12:00,80601.0,20677.0,1065.84,631.18
2011-08-30 13:00,80649.0,20656.0,1074.06,636.55
2011-08-30 14:00,80741.0,20571.0,1077.73,629.35
2011-08-30 15:00,80270.0,20545.0,1067.77,629.51
2011-08-30 16:00,79735.0,20744.0,1054.54,638.27
2011-08-30 17:00,79145.0,20951.0,1020.29,642.91
2011-08-30 18:00,78908.0,20773.0,1029.04,637.6
2011-08-30 19:00,79133.0,20067.0,1035.3,618.01
2011-08-30 20:00,79494.0,19095.0,985.97,543.94
2011-08-30 21:00,79788.0,18316.0,988.13,509.45
2011-08-30 22:00,78127.0,17976.0,1001.37,507.25
2011-08-30 23:00,73535.0,17792.0,791.94,494.05
2011-08-31 00:00,69251.0,18065.0,825.86,468.73
2011-08-31 01:00,66706.0,18168.0,738.53,470.17
2011-08-31 02:00,65800.0,18458.0,690.67,474.14
2011-08-31 03:00,65789.0,18903.0,737.38,479.25
2011-08-31 04:00,66326.0,19467.0,751.82,507.93
2011-08-31 05:00,68288.0,20066.0,816.74,513.25
2011-08-31 06:00,70564.0,20497.0,821.27,512.52
2011-08-31 07:00,73775.0,20458.0,892.32,518.13
2011-08-31 08:00,78719.0,20411.0,1069.53,518.42
2011-08-31 09:00,81354.0,20297.0,1125.83,516.4
2011-08-31 10:00,82051.0,20260.0,1132.85,519.05
2011-08-31 11:00,81632.0,20266.0,1124.66,518.68
2011-08-31 12:00,81221.0,20225.0,1119.27,526.07
2011-08-31 13:00,81622.0,20189.0,1166.19,520.97
2011-08-31 14:00,81582.0,20230.0,1168.05,521.57
2011-08-31 15:00,80932.0,20338.0,1204.72,532.41
2011-08-31 16:00,80308.0,20451.0,1149.34,532.99
2011-08-31 17:00,79969.0,20561.0,1112.95,522.59
2011-08-31 18:00,79861.0,20494.0,1114.88,532.85
2011-08-31 19:00,79880.0,19736.0,1093.94,512.85
2011-08-31 20:00,80617.0,18921.0,1071.57,479.72
2011-08-31 21:00,80438.0,18440.0,1040.22,473.19
2011-08-31 22:00,78602.0,18055.0,1045.6,470.45
2011-08-31 23:00,74218.0,18003.0,909.79,468.18
2011-09-01 00:00,69409.0,18181.0,803.65,450.33
2011-09-01 01:00,67042.0,17893.0,785.15,490.89
2011-09-01 02:00,65920.0,18774.0,703.19,448.43
2011-09-01 03:00,65998.0,18677.0,710.15,509.54
2011-09-01 04:00,66604.0,19659.0,760.39,501.43
2011-09-01 05:00,68170.0,19893.0,810.7,551.85
2011-09-01 06:00,70935.0,20303.0,841.8,563.34
2011-09-01 07:00,74036.0,20329.0,937.27,570.59
2011-09-01 08:00,78538.0,20377.0,1039.4,517.67
2011-09-01 09:00,80937.0,20207.0,1094.73,562.62
2011-09-01 10:00,81553.0,20392.0,1101.67,512.02
2011-09-01 11:00,81085.0,20202.0,1090.09,562.66
2011-09-01 12:00,80837.0,20521.0,1085.25,492.64
2011-09-01 13:00,81307.0,20236.0,1089.84,515.99
2011-09-01 14:00,81131.0,20069.0,1084.71,547.85
2011-09-01 15:00,80637.0,20617.0,1091.7,501.67
2011-09-01 16:00,80128.0,20348.0,1080.2,550.01
2011-09-01 17:00,79300.0,20434.0,1060.34,532.14
2011-09-01 18:00,78612.0,20612.0,1057.1,510.54
2011-09-01 19:00,79132.0,19608.0,1074.43,522.6
2011-09-01 20:00,80657.0,19396.0,1070.12,453.19
2011-09-01 21:00,80572.0,18830.0,1044.97,442.0
2011-09-01 22:00,77908.0,18373.0,1014.51,435.06
2011-09-01 23:00,73502.0,18239.0,936.79,431.08
2011-09-02 00:00,69055.0,18126.0,813.4,467.15
2011-09-02 01:00,66834.0,18264.0,746.9,474.37
2011-09-02 02:00,65904.0,18532.0,693.26,479.73
2011-09-02 03:00,66014.0,19035.0,685.4,484.8
2011-09-02 04:00,66742.0,19340.0,730.82,511.57
2011-09-02 05:00,68500.0,19954.0,792.3,522.87
2011-09-02 06:00,71907.0,20375.0,878.13,546.46
2011-09-02 07:00,74654.0,20354.0,933.85,555.86
2011-09-02 08:00,78898.0,20267.0,1044.46,554.85
2011-09-02 09:00,81461.0,20158.0,1104.61,544.11
2011-09-02 10:00,82165.0,20201.0,1119.29,554.11
2011-09-02 11:00,81778.0,20125.0,1090.04,544.32
2011-09-02 12:00,81342.0,20148.0,1076.9,553.69
2011-09-02 13:00,81801.0,20054.0,1116.51,551.2
2011-09-02 14:00,81779.0,20037.0,1116.67,543.48
2011-09-02 15:00,80980.0,20142.0,1075.39,555.29
2011-09-02 16:00,80415.0,20438.0,1061.77,543.5
2011-09-02 17:00,79501.0,20563.0,1048.06,551.02
2011-09-02 18:00,78756.0,21145.0,1045.9,614.8
2011-09-02 19:00,79379.0,19708.0,1069.11,531.26
2011-09-02 20:00,81000.0,18966.0,1062.72,484.93
2011-09-02 21:00,80814.0,18462.0,1047.63,474.59
2011-09-02 22:00,78341.0,18048.0,1015.09,473.06
2011-09-02 23:00,73484.0,17985.0,940.44,470.95
2011-09-03 00:00,69093.0,17589.0,895.67,485.03
2011-09-03 01:00,66866.0,17783.0,815.27,494.27
2011-09-03 02:00,65877.0,17933.0,807.11,496.75
2011-09-03 03:00,65466.0,18335.0,798.34,496.7
2011-09-03 04:00,65676.0,18689.0,821.74,498.75
2011-09-03 05:00,66428.0,19220.0,840.14,505.16
2011-09-03 06:00,67512.0,19713.0,824.35,530.68
2011-09-03 07:00,69088.0,19833.0,883.67,577.91
2011-09-03 08:00,71863.0,19718.0,928.0,575.17
2011-09-03 09:00,74627.0,19337.0,975.47,554.17
2011-09-03 10:00,75750.0,19579.0,989.49,558.12
2011-09-03 11:00,75814.0,20049.0,993.8,581.33
2011-09-03 12:00,75680.0,20039.0,987.23,565.71
2011-09-03 13:00,75590.0,20048.0,988.55,564.34
2011-09-03 14:00,75345.0,20102.0,982.97,595.07
2011-09-03 15:00,74903.0,20218.0,988.18,633.32
2011-09-03 16:00,74638.0,19938.0,989.97,561.4
2011-09-03 17:00,74644.0,20087.0,985.65,578.55
2011-09-03 18:00,74709.0,20090.0,985.21,572.54
2011-09-03 19:00,75600.0,19398.0,998.18,545.44
2011-09-03 20:00,77459.0,18646.0,1035.91,537.53
2011-09-03 21:00,77502.0,18135.0,1064.77,501.01
2011-09-03 22:00,74536.0,17767.0,985.58,487.89
2011-09-03 23:00,70615.0,17702.0,898.39,479.9
2011-09-04 00:00,67967.0,17341.0,882.19,544.06
2011-09-04 01:00,65745.0,17444.0,799.47,542.28
2011-09-04 02:00,64367.0,17746.0,734.71,548.93
2011-09-04 03:00,64007.0,18042.0,688.4,547.42
2011-09-04 04:00,64256.0,18327.0,726.05,550.54
2011-09-04 05:00,64800.0,18875.0,753.42,552.8
2011-09-04 06:00,65645.0,19410.0,735.44,569.93
2011-09-04 07:00,67209.0,19564.0,840.46,577.11
2011-09-04 08:00,69318.0,19530.0,914.87,576.73
2011-09-04 09:00,71562.0,19470.0,944.22,573.44
2011-09-04 10:00,72972.0,19409.0,967.2,574.38
2011-09-04 11:00,73338.0,19371.0,975.57,577.05
2011-09-04 12:00,73233.0,19377.0,965.46,577.92
2011-09-04 13:00,73373.0,19444.0,971.13,577.13
2011-09-04 14:00,73274.0,19517.0,965.94,590.85
2011-09-04 15:00,73256.0,19659.0,969.37,619.48
2011-09-04 16:00,73192.0,19865.0,971.17,579.56
2011-09-04 17:00,73257.0,20368.0,960.93,679.06
2011-09-04 18:00,73774.0,20296.0,968.27,686.27
2011-09-04 19:00,75136.0,19444.0,995.99,608.02
2011-09-04 20:00,77239.0,18681.0,1014.75,570.72
2011-09-04 21:00,77371.0,18013.0,1012.43,556.92
2011-09-04 22:00,75034.0,17631.0,1004.93,551.73
2011-09-04 23:00,70895.0,17425.0,938.87,546.82
2011-09-05 00:00,67833.0,17382.0,855.25,478.54
2011-09-05 01:00,65437.0,17537.0,796.77,481.0
2011-09-05 02:00,64287.0,18011.0,684.5,494.28
2011-09-05 03:00,64274.0,18701.0,671.67,510.74
2011-09-05 04:00,65056.0,19267.0,727.23,517.64
2011-09-05 05:00,66895.0,19983.0,807.19,534.17
2011-09-05 06:00,70135.0,20323.0,886.23,597.74
2011-09-05 07:00,73576.0,20406.0,941.43,604.92
2011-09-05 08:00,77785.0,20334.0,1039.09,608.46
2011-09-05 09:00,80420.0,20270.0,1084.24,605.99
2011-09-05 10:00,81259.0,20250.0,1097.12,678.24
2011-09-05 11:00,80744.0,20219.0,1085.0,675.16
2011-09-05 12:00,80562.0,20170.0,1074.3,673.97
2011-09-05 13:00,80964.0,20178.0,1104.45,674.15
2011-09-05 14:00,80807.0,20187.0,1100.48,667.58
2011-09-05 15:00,80065.0,20255.0,1092.37,668.91
2011-09-05 16:00,79691.0,20483.0,1064.54,631.42
2011-09-05 17:00,78769.0,20721.0,1045.27,676.56
2011-09-05 18:00,77961.0,20603.0,1026.61,680.44
2011-09-05 19:00,78795.0,19757.0,1066.05,579.41
2011-09-05 20:00,80636.0,18843.0,1077.86,510.05
2011-09-05 21:00,80123.0,18237.0,1043.15,499.1
2011-09-05 22:00,77635.0,17796.0,1014.43,491.98
2011-09-05 23:00,72875.0,17634.0,938.72,486.68
2011-09-06 00:00,68451.0,17621.0,815.53,508.4
2011-09-06 01:00,65939.0,17838.0,766.12,521.71
2011-09-06 02:00,65131.0,18329.0,712.08,529.6
2011-09-06 03:00,65103.0,19078.0,718.45,592.42
2011-09-06 04:00,65864.0,19645.0,753.77,643.96
2011-09-06 05:00,67596.0,20229.0,814.83,649.08
2011-09-06 06:00,70530.0,20563.0,844.37,653.44
2011-09-06 07:00,74389.0,20568.0,976.26,637.54
2011-09-06 08:00,78681.0,20531.0,1057.71,667.33
2011-09-06 09:00,81081.0,20449.0,1111.15,656.28
2011-09-06 10:00,81659.0,20388.0,1106.72,661.56
2011-09-06 11:00,81103.0,20362.0,1094.14,650.42
2011-09-06 12:00,80483.0,20348.0,1075.99,643.85
2011-09-06 13:00,80989.0,20325.0,1095.53,643.53
2011-09-06 14:00,80870.0,20354.0,1114.08,644.15
2011-09-06 15:00,80177.0,20468.0,1095.93,647.49
2011-09-06 16:00,79778.0,20704.0,1074.75,659.3
2011-09-06 17:00,78955.0,20855.0,1059.63,675.55
2011-09-06 18:00,78683.0,20736.0,1063.32,705.33
2011-09-06 19:00,79337.0,19948.0,1066.13,621.44
2011-09-06 20:00,80852.0,19110.0,1093.92,557.47
2011-09-06 21:00,80342.0,18407.0,1090.03,523.83
2011-09-06 22:00,77722.0,17969.0,1022.13,525.0
2011-09-06 23:00,73043.0,17795.0,964.27,521.79
2011-09-07 00:00,68591.0,18058.0,807.25,455.36
2011-09-07 01:00,66174.0,18202.0,708.21,456.47
2011-09-07 02:00,64998.0,18508.0,656.84,469.17
2011-09-07 03:00,65270.0,19240.0,657.76,508.59
2011-09-07 04:00,66200.0,19875.0,737.42,586.23
2011-09-07 05:00,68191.0,20386.0,803.06,567.11
2011-09-07 06:00,71300.0,20866.0,832.39,535.24
2011-09-07 07:00,75148.0,20933.0,973.37,547.1
2011-09-07 08:00,79011.0,20753.0,1056.01,532.5
2011-09-07 09:00,81464.0,20609.0,1081.32,528.99
2011-09-07 10:00,81828.0,20522.0,1077.58,606.42
2011-09-07 11:00,81170.0,20497.0,1071.66,607.78
2011-09-07 12:00,80906.0,20448.0,1063.74,599.95
2011-09-07 13:00,81361.0,20415.0,1074.95,596.16
2011-09-07 14:00,81296.0,20429.0,1086.75,603.89
2011-09-07 15:00,80574.0,20604.0,1081.28,632.27
2011-09-07 16:00,80048.0,20769.0,1080.23,546.46
2011-09-07 17:00,79260.0,21029.0,1012.78,545.55
2011-09-07 18:00,78917.0,20821.0,1050.02,626.56
2011-09-07 19:00,80008.0,19984.0,1069.16,526.28
2011-09-07 20:00,81430.0,19122.0,1082.04,489.3
2011-09-07 21:00,80527.0,18453.0,1088.98,462.15
2011-09-07 22:00,77571.0,18076.0,1013.99,457.97
2011-09-07 23:00,72958.0,18058.0,917.21,457.9
2011-09-08 00:00,68728.0,17930.0,812.5,494.1
2011-09-08 01:00,66526.0,18034.0,769.49,494.22
2011-09-08 02:00,65359.0,18583.0,671.18,516.2
2011-09-08 03:00,65560.0,19303.0,696.83,557.14
2011-09-08 04:00,66576.0,19899.0,794.78,642.78
2011-09-08 05:00,68896.0,20493.0,815.89,552.2
2011-09-08 06:00,71916.0,20785.0,895.11,575.82
2011-09-08 07:00,75598.0,20786.0,1001.6,619.57
2011-09-08 08:00,79573.0,20682.0,1088.07,573.61
2011-09-08 09:00,81724.0,20490.0,1121.56,565.24
2011-09-08 10:00,82123.0,20421.0,1120.3,590.01
2011-09-08 11:00,81419.0,20431.0,1105.83,622.89
2011-09-08 12:00,80851.0,20343.0,1085.66,624.49
2011-09-08 13:00,81254.0,20268.0,1086.65,580.62
2011-09-08 14:00,80781.0,20322.0,1103.68,601.82
2011-09-08 15:00,80383.0,20461.0,1106.65,636.97
2011-09-08 16:00,79877.0,20714.0,1071.9,565.13
2011-09-08 17:00,79274.0,21125.0,1061.21,588.47
2011-09-08 18:00,79173.0,20878.0,1073.59,670.24
2011-09-08 19:00,80342.0,19977.0,1081.07,557.18
2011-09-08 20:00,81488.0,19156.0,1087.9,539.9
2011-09-08 21:00,80412.0,18506.0,1072.28,520.68
2011-09-08 22:00,77252.0,18055.0,993.88,502.72
2011-09-08 23:00,72801.0,17923.0,937.12,497.23
2011-09-09 00:00,69154.0,18395.0,797.03,464.54
2011-09-09 01:00,66722.0,18570.0,746.84,467.51
2011-09-09 02:00,65850.0,18949.0,713.42,493.32
2011-09-09 03:00,65934.0,19430.0,685.44,506.4
2011-09-09 04:00,66726.0,20280.0,744.72,576.79
2011-09-09 05:00,69264.0,20930.0,828.96,597.29
2011-09-09 06:00,72406.0,21006.0,918.85,546.16
2011-09-09 07:00,76080.0,20957.0,1025.34,550.2
2011-09-09 08:00,79810.0,20858.0,1094.52,549.32
2011-09-09 09:00,81907.0,20490.0,1141.85,536.92
2011-09-09 10:00,82271.0,20420.0,1138.86,528.3
2011-09-09 11:00,81528.0,20527.0,1120.04,551.79
2011-09-09 12:00,80904.0,20308.0,1089.18,524.26
2011-09-09 13:00,81178.0,20259.0,1104.48,524.77
2011-09-09 14:00,80839.0,20311.0,1123.65,523.24
2011-09-09 15:00,80190.0,20509.0,1108.06,521.62
2011-09-09 16:00,79575.0,20813.0,1074.65,525.29
2011-09-09 17:00,78892.0,21066.0,1063.78,582.17
2011-09-09 18:00,78781.0,21050.0,1061.06,571.19
2011-09-09 19:00,80054.0,20219.0,1076.27,516.04
2011-09-09 20:00,81366.0,19444.0,1084.44,498.56
2011-09-09 21:00,80449.0,18926.0,1073.64,493.23
2011-09-09 22:00,77309.0,18487.0,1022.09,468.96
2011-09-09 23:00,72761.0,18455.0,975.73,467.66
2011-09-10 00:00,69221.0,17960.0,908.44,520.01
2011-09-10 01:00,66586.0,18192.0,832.07,522.87
2011-09-10 02:00,65302.0,18437.0,810.19,528.76
2011-09-10 03:00,65052.0,18790.0,803.57,529.3
2011-09-10 04:00,65107.0,19100.0,805.63,548.37
2011-09-10 05:00,66410.0,19693.0,829.97,552.63
2011-09-10 06:00,68225.0,20157.0,866.69,569.67
2011-09-10 07:00,70456.0,20193.0,933.1,567.58
2011-09-10 08:00,72599.0,20028.0,968.47,564.81
2011-09-10 09:00,74971.0,19834.0,994.75,558.66
2011-09-10 10:00,76102.0,19777.0,1022.09,558.47
2011-09-10 11:00,76138.0,19690.0,1019.74,554.99
2011-09-10 12:00,75711.0,19717.0,1013.08,556.63
2011-09-10 13:00,75577.0,19732.0,1010.91,555.71
2011-09-10 14:00,75414.0,19827.0,1019.4,559.23
2011-09-10 15:00,75150.0,20117.0,1021.54,568.27
2011-09-10 16:00,74997.0,20342.0,1020.99,572.41
2011-09-10 17:00,75113.0,20680.0,1021.57,584.83
2011-09-10 18:00,75535.0,20604.0,1030.38,582.97
2011-09-10 19:00,77079.0,19817.0,1071.76,559.84
2011-09-10 20:00,78871.0,19107.0,1077.69,546.4
2011-09-10 21:00,78398.0,18526.0,1069.25,535.99
2011-09-10 22:00,74758.0,18081.0,1005.63,471.57
2011-09-10 23:00,71256.0,17956.0,934.22,517.17
2011-09-11 00:00,68201.0,18019.0,898.73,471.33
2011-09-11 01:00,65735.0,18027.0,823.84,473.5
2011-09-11 02:00,64055.0,18218.0,730.82,474.77
2011-09-11 03:00,63772.0,18578.0,710.59,473.99
2011-09-11 04:00,63812.0,18675.0,716.05,531.49
2011-09-11 05:00,64509.0,19228.0,726.11,537.04
2011-09-11 06:00,65748.0,19780.0,739.59,550.23
2011-09-11 07:00,67611.0,19895.0,806.96,552.79
2011-09-11 08:00,70214.0,19773.0,906.82,551.0
2011-09-11 09:00,72690.0,19699.0,999.46,550.6
2011-09-11 10:00,74002.0,19654.0,1029.12,551.26
2011-09-11 11:00,74273.0,19570.0,1032.42,549.44
2011-09-11 12:00,73982.0,19577.0,1011.37,548.88
2011-09-11 13:00,73955.0,19684.0,1018.38,549.28
2011-09-11 14:00,73938.0,19761.0,1018.42,551.4
2011-09-11 15:00,74143.0,20032.0,1017.0,565.94
2011-09-11 16:00,74155.0,20352.0,1014.85,563.94
2011-09-11 17:00,74488.0,20874.0,1007.83,579.72
2011-09-11 18:00,75447.0,20778.0,1030.08,580.84
2011-09-11 19:00,77523.0,19881.0,1068.16,551.57
2011-09-11 20:00,79313.0,19158.0,1072.37,538.22
2011-09-11 21:00,78520.0,18502.0,1050.88,515.47
2011-09-11 22:00,75131.0,18110.0,1002.58,509.77
2011-09-11 23:00,71220.0,17995.0,939.06,505.53
2011-09-12 00:00,67992.0,18056.0,881.14,480.04
2011-09-12 01:00,65676.0,18143.0,826.17,498.95
2011-09-12 02:00,64463.0,18641.0,750.51,494.34
2011-09-12 03:00,64205.0,19368.0,720.8,544.46
2011-09-12 04:00,65171.0,20035.0,760.43,553.23
2011-09-12 05:00,67689.0,20651.0,825.54,563.29
2011-09-12 06:00,71556.0,20922.0,898.23,582.41
2011-09-12 07:00,75819.0,20870.0,1005.3,596.68
2011-09-12 08:00,80155.0,20711.0,1102.98,585.95
2011-09-12 09:00,82219.0,20576.0,1129.25,575.98
2011-09-12 10:00,82795.0,20580.0,1129.06,577.53
2011-09-12 11:00,81999.0,20509.0,1107.61,572.38
2011-09-12 12:00,81556.0,20488.0,1089.75,571.21
2011-09-12 13:00,81786.0,20485.0,1078.97,562.56
2011-09-12 14:00,81467.0,20559.0,1110.46,562.25
2011-09-12 15:00,80861.0,20690.0,1103.07,561.94
2011-09-12 16:00,80434.0,21030.0,1061.53,564.43
2011-09-12 17:00,79782.0,21324.0,1043.55,581.95
2011-09-12 18:00,79993.0,21106.0,1064.75,598.11
2011-09-12 19:00,81369.0,20188.0,1078.77,552.15
2011-09-12 20:00,82580.0,19330.0,1112.16,541.13
2011-09-12 21:00,81272.0,18776.0,1059.89,527.24
2011-09-12 22:00,77625.0,18344.0,966.46,511.41
2011-09-12 23:00,72780.0,18163.0,898.48,503.35
2011-09-13 00:00,69150.0,18227.0,811.09,533.62
2011-09-13 01:00,67084.0,18402.0,753.27,535.02
2011-09-13 02:00,65981.0,18955.0,665.21,556.27
2011-09-13 03:00,65951.0,19689.0,654.12,571.0
2011-09-13 04:00,66992.0,20233.0,725.33,582.0
2011-09-13 05:00,69327.0,20751.0,769.89,596.44
2011-09-13 06:00,72691.0,21092.0,868.1,617.99
2011-09-13 07:00,76554.0,21080.0,983.96,618.75
2011-09-13 08:00,80627.0,20978.0,1072.71,617.65
2011-09-13 09:00,82735.0,20832.0,1105.29,597.02
2011-09-13 10:00,83216.0,20823.0,1102.69,610.73
2011-09-13 11:00,82454.0,20744.0,1075.38,612.24
2011-09-13 12:00,81729.0,20751.0,1059.62,600.96
2011-09-13 13:00,81941.0,20748.0,1061.7,591.87
2011-09-13 14:00,81831.0,20825.0,1081.62,594.95
2011-09-13 15:00,81128.0,20922.0,1066.03,596.81
2011-09-13 16:00,80612.0,21197.0,1065.39,602.36
2011-09-13 17:00,80175.0,21516.0,1057.32,625.26
2011-09-13 18:00,80566.0,21220.0,1067.19,619.4
2011-09-13 19:00,81981.0,20285.0,1080.09,586.44
2011-09-13 20:00,83094.0,19475.0,1086.06,561.82
2011-09-13 21:00,81436.0,18826.0,1061.26,485.88
2011-09-13 22:00,78122.0,18417.0,1011.34,488.12
2011-09-13 23:00,73325.0,18284.0,886.58,533.57
2011-09-14 00:00,69556.0,18788.0,834.98,477.86
2011-09-14 01:00,67460.0,18955.0,722.44,494.12
2011-09-14 02:00,66432.0,19334.0,643.37,502.03
2011-09-14 03:00,66175.0,19919.0,618.61,509.74
2011-09-14 04:00,67197.0,20558.0,681.43,522.08
2011-09-14 05:00,69694.0,21298.0,826.78,542.37
2011-09-14 06:00,73438.0,21538.0,923.33,557.25
2011-09-14 07:00,77252.0,21452.0,1027.15,557.43
2011-09-14 08:00,81251.0,21431.0,1060.35,557.03
2011-09-14 09:00,83493.0,21272.0,1082.86,545.09
2011-09-14 10:00,83792.0,21396.0,1079.24,554.98
2011-09-14 11:00,83182.0,21417.0,1063.81,553.31
2011-09-14 12:00,82667.0,21246.0,1058.15,542.43
2011-09-14 13:00,82778.0,20916.0,1060.39,536.91
2011-09-14 14:00,82481.0,20992.0,1071.34,531.84
2011-09-14 15:00,81819.0,21268.0,1060.47,548.17
2011-09-14 16:00,81480.0,21450.0,1056.93,555.08
2011-09-14 17:00,80903.0,21704.0,1049.43,575.19
2011-09-14 18:00,81176.0,21440.0,1055.07,566.39
2011-09-14 19:00,82745.0,20579.0,1062.87,522.02
2011-09-14 20:00,83749.0,19811.0,1072.69,502.3
2011-09-14 21:00,82067.0,19366.0,1051.98,497.85
2011-09-14 22:00,78479.0,19002.0,1015.02,495.02
2011-09-14 23:00,73725.0,18946.0,955.69,493.32
2011-09-15 00:00,70244.0,18812.0,883.63,486.29
2011-09-15 01:00,67645.0,18942.0,756.28,486.64
2011-09-15 02:00,66801.0,19295.0,666.67,490.51
2011-09-15 03:00,66627.0,20082.0,678.4,546.1
2011-09-15 04:00,67543.0,20681.0,742.44,571.4
2011-09-15 05:00,70171.0,21271.0,845.43,575.99
2011-09-15 06:00,73777.0,21592.0,934.51,595.49
2011-09-15 07:00,77437.0,21480.0,1026.07,591.84
2011-09-15 08:00,81297.0,21349.0,1055.88,585.93
2011-09-15 09:00,83270.0,21174.0,1070.69,578.46
2011-09-15 10:00,83483.0,21131.0,1055.31,570.23
2011-09-15 11:00,83023.0,21069.0,1047.78,582.65
2011-09-15 12:00,82402.0,21006.0,1039.09,574.35
2011-09-15 13:00,82763.0,21013.0,1046.36,574.13
2011-09-15 14:00,82229.0,20999.0,1051.45,573.06
2011-09-15 15:00,81603.0,21213.0,1043.66,576.78
2011-09-15 16:00,81383.0,21499.0,1032.49,587.17
2011-09-15 17:00,80988.0,21791.0,1030.24,604.93
2011-09-15 18:00,81267.0,21515.0,1039.2,586.77
2011-09-15 19:00,82866.0,20630.0,1060.45,551.32
2011-09-15 20:00,83891.0,19858.0,1067.81,509.81
2011-09-15 21:00,82134.0,19197.0,1049.59,506.0
2011-09-15 22:00,78724.0,18836.0,992.21,489.0
2011-09-15 23:00,73851.0,18601.0,939.58,492.36
2011-09-16 00:00,70307.0,18812.0,862.19,504.57
2011-09-16 01:00,68064.0,18814.0,806.05,588.69
2011-09-16 02:00,67130.0,19395.0,711.79,601.16
2011-09-16 03:00,67050.0,20119.0,719.11,627.19
2011-09-16 04:00,67967.0,20715.0,757.39,652.78
2011-09-16 05:00,70513.0,21242.0,835.15,658.97
2011-09-16 06:00,73973.0,21564.0,924.54,668.25
2011-09-16 07:00,77632.0,21490.0,1004.86,671.16
2011-09-16 08:00,81274.0,21295.0,1038.56,667.33
2011-09-16 09:00,83543.0,21107.0,1069.82,652.09
2011-09-16 10:00,83657.0,21098.0,1066.02,656.12
2011-09-16 11:00,82998.0,21077.0,1049.43,657.15
2011-09-16 12:00,82292.0,21023.0,1038.4,650.48
2011-09-16 13:00,82540.0,20917.0,1045.49,647.94
2011-09-16 14:00,82242.0,20966.0,1057.06,648.25
2011-09-16 15:00,81583.0,21167.0,1057.5,650.66
2011-09-16 16:00,81075.0,21371.0,1045.48,656.52
2011-09-16 17:00,80579.0,21695.0,1036.38,671.24
2011-09-16 18:00,80917.0,21475.0,1038.98,661.18
2011-09-16 19:00,82398.0,20619.0,1040.78,639.09
2011-09-16 20:00,83672.0,19867.0,1079.52,592.76
2011-09-16 21:00,82097.0,19254.0,1065.36,587.01
2011-09-16 22:00,78710.0,18742.0,1022.27,586.48
2011-09-16 23:00,74203.0,18626.0,953.22,589.04
2011-09-17 00:00,70284.0,18407.0,923.75,564.62
2011-09-17 01:00,68089.0,18532.0,861.96,567.73
2011-09-17 02:00,66521.0,18835.0,795.11,592.33
2011-09-17 03:00,65973.0,19187.0,777.89,601.62
2011-09-17 04:00,66066.0,19661.0,764.66,607.82
2011-09-17 05:00,67319.0,20231.0,794.76,635.09
2011-09-17 06:00,68914.0,20646.0,814.79,645.24
2011-09-17 07:00,70622.0,20650.0,876.08,646.17
2011-09-17 08:00,73766.0,20489.0,964.35,645.14
2011-09-17 09:00,76409.0,20314.0,1001.29,642.38
2011-09-17 10:00,77542.0,20189.0,1012.99,631.25
2011-09-17 11:00,77349.0,20106.0,1010.98,638.36
2011-09-17 12:00,77172.0,20130.0,1015.51,637.68
2011-09-17 13:00,76902.0,20176.0,1009.55,638.14
2011-09-17 14:00,76630.0,20405.0,1010.16,642.35
2011-09-17 15:00,76337.0,20686.0,1009.43,618.38
2011-09-17 16:00,76339.0,21045.0,1011.2,643.06
2011-09-17 17:00,76546.0,21310.0,1012.68,658.99
2011-09-17 18:00,77531.0,21019.0,1019.32,669.2
2011-09-17 19:00,79303.0,20236.0,1058.83,617.23
2011-09-17 20:00,80958.0,19485.0,1101.26,577.3
2011-09-17 21:00,79621.0,18932.0,1035.31,578.99
2011-09-17 22:00,75733.0,18461.0,986.99,580.96
2011-09-17 23:00,72517.0,18391.0,921.5,583.24
2011-09-18 00:00,69226.0,18349.0,886.62,578.77
2011-09-18 01:00,67008.0,18394.0,836.19,578.65
2011-09-18 02:00,65201.0,18688.0,717.57,579.36
2011-09-18 03:00,64618.0,18974.0,669.91,588.88
2011-09-18 04:00,64686.0,19301.0,661.54,587.93
2011-09-18 05:00,65790.0,19833.0,697.41,590.16
2011-09-18 06:00,67187.0,20314.0,762.33,603.3
2011-09-18 07:00,68658.0,20408.0,773.9,608.34
2011-09-18 08:00,70785.0,20314.0,870.85,607.53
2011-09-18 09:00,73561.0,20257.0,984.97,603.99
2011-09-18 10:00,75189.0,20154.0,1008.25,597.88
2011-09-18 11:00,75434.0,20081.0,1006.21,583.04
2011-09-18 12:00,75374.0,20057.0,1006.88,582.24
2011-09-18 13:00,75277.0,20144.0,1004.93,580.48
2011-09-18 14:00,75243.0,20296.0,1006.33,579.95
2011-09-18 15:00,75133.0,20612.0,1001.4,581.52
2011-09-18 16:00,75536.0,20927.0,1004.07,577.91
2011-09-18 17:00,75936.0,21378.0,1007.7,641.93
2011-09-18 18:00,77155.0,21089.0,1032.22,634.86
2011-09-18 19:00,79711.0,20224.0,1089.85,600.92
2011-09-18 20:00,81334.0,19500.0,1152.68,593.49
2011-09-18 21:00,79958.0,18953.0,1130.85,582.93
2011-09-18 22:00,76757.0,18545.0,1029.12,576.43
2011-09-18 23:00,72424.0,18442.0,958.02,573.11
2011-09-19 00:00,69629.0,18412.0,909.99,578.41
2011-09-19 01:00,67190.0,18631.0,828.09,577.24
2011-09-19 02:00,66398.0,19135.0,799.43,624.76
2011-09-19 03:00,66283.0,19876.0,729.7,638.85
2011-09-19 04:00,67068.0,20469.0,756.18,646.52
2011-09-19 05:00,69884.0,21022.0,840.6,663.85
2011-09-19 06:00,73762.0,21252.0,969.7,671.66
2011-09-19 07:00,78316.0,21241.0,1088.23,684.07
2011-09-19 08:00,82142.0,21026.0,1128.84,675.67
2011-09-19 09:00,84391.0,20789.0,1171.15,659.73
2011-09-19 10:00,84675.0,20777.0,1147.28,661.35
2011-09-19 11:00,84022.0,20709.0,1130.6,661.88
2011-09-19 12:00,83435.0,20686.0,1121.7,649.73
2011-09-19 13:00,83741.0,20582.0,1125.3,647.21
2011-09-19 14:00,83324.0,20659.0,1105.87,647.61
2011-09-19 15:00,82588.0,20828.0,1097.66,649.19
2011-09-19 16:00,81936.0,21229.0,1087.17,659.26
2011-09-19 17:00,81367.0,21622.0,1078.66,678.76
2011-09-19 18:00,81992.0,21251.0,1088.85,673.41
2011-09-19 19:00,83754.0,20412.0,1105.91,645.33
2011-09-19 20:00,85022.0,19603.0,1107.42,634.12
2011-09-19 21:00,83116.0,18982.0,1088.28,579.23
2011-09-19 22:00,79747.0,18575.0,1055.9,573.9
2011-09-19 23:00,74859.0,18474.0,981.12,575.98
2011-09-20 00:00,71223.0,18735.0,887.4,470.56
2011-09-20 01:00,68857.0,18883.0,833.32,472.51
2011-09-20 02:00,67715.0,19207.0,741.44,479.3
2011-09-20 03:00,67732.0,19925.0,743.07,488.99
2011-09-20 04:00,68600.0,20524.0,807.35,509.14
2011-09-20 05:00,71169.0,20999.0,896.22,529.02
2011-09-20 06:00,75065.0,21177.0,974.63,542.55
2011-09-20 07:00,79051.0,21178.0,1094.63,552.65
2011-09-20 08:00,82788.0,20979.0,1114.99,547.21
2011-09-20 09:00,84799.0,20835.0,1141.51,536.31
2011-09-20 10:00,85016.0,20816.0,1121.98,537.35
2011-09-20 11:00,84247.0,20725.0,1115.82,535.62
2011-09-20 12:00,83574.0,20658.0,1107.78,535.0
2011-09-20 13:00,83783.0,20604.0,1113.91,510.5
2011-09-20 14:00,83433.0,20737.0,1111.53,520.99
2011-09-20 15:00,82712.0,20908.0,1116.43,523.92
2011-09-20 16:00,82111.0,21281.0,1111.92,545.41
2011-09-20 17:00,81672.0,21571.0,1106.11,552.03
2011-09-20 18:00,82254.0,21295.0,1104.69,562.34
2011-09-20 19:00,84358.0,20400.0,1122.86,513.4
2011-09-20 20:00,85462.0,19523.0,1121.03,492.77
2011-09-20 21:00,83547.0,19011.0,1105.44,474.9
2011-09-20 22:00,79894.0,18702.0,1073.78,473.11
2011-09-20 23:00,74791.0,18716.0,976.86,472.6
2011-09-21 00:00,71615.0,19024.0,881.4,474.73
2011-09-21 01:00,69698.0,19195.0,833.11,477.03
2011-09-21 02:00,67950.0,19593.0,710.17,482.56
2011-09-21 03:00,68145.0,20147.0,720.48,489.58
2011-09-21 04:00,69222.0,20560.0,780.84,504.37
2011-09-21 05:00,71397.0,21000.0,845.79,520.6
2011-09-21 06:00,75064.0,21185.0,937.79,535.7
2011-09-21 07:00,79705.0,21023.0,1060.16,541.73
2011-09-21 08:00,83151.0,20829.0,1077.96,537.94
2011-09-21 09:00,85446.0,20783.0,1097.16,529.05
2011-09-21 10:00,85697.0,20783.0,1099.12,529.83
2011-09-21 11:00,84647.0,20777.0,1087.4,529.46
2011-09-21 12:00,84011.0,20687.0,1091.45,528.19
2011-09-21 13:00,84292.0,20688.0,1091.03,519.5
2011-09-21 14:00,84004.0,20783.0,1089.6,507.53
2011-09-21 15:00,83362.0,20967.0,1081.28,532.92
2011-09-21 16:00,82950.0,21405.0,1079.82,558.45
2011-09-21 17:00,82458.0,21700.0,1071.92,584.33
2011-09-21 18:00,82924.0,21352.0,1075.98,562.52
2011-09-21 19:00,84938.0,20412.0,1079.91,502.67
2011-09-21 20:00,85870.0,19788.0,1083.83,485.28
2011-09-21 21:00,83806.0,19372.0,1068.5,477.08
2011-09-21 22:00,79387.0,19063.0,1007.03,475.12
2011-09-21 23:00,75421.0,19036.0,940.84,473.82
2011-09-22 00:00,71943.0,19112.0,841.04,475.04
2011-09-22 01:00,69703.0,19313.0,788.45,476.71
2011-09-22 02:00,68518.0,19672.0,699.93,481.35
2011-09-22 03:00,68433.0,20193.0,670.34,488.54
2011-09-22 04:00,69407.0,20598.0,765.99,491.83
2011-09-22 05:00,72395.0,21116.0,851.5,517.56
2011-09-22 06:00,75359.0,21323.0,917.6,539.98
2011-09-22 07:00,79698.0,21259.0,1049.37,539.46
2011-09-22 08:00,83442.0,21092.0,1065.2,535.94
2011-09-22 09:00,85397.0,20948.0,1102.78,533.58
2011-09-22 10:00,85532.0,20886.0,1101.85,532.47
2011-09-22 11:00,84865.0,20870.0,1085.47,518.82
2011-09-22 12:00,84100.0,20759.0,1082.75,503.62
2011-09-22 13:00,84338.0,20748.0,1088.29,502.61
2011-09-22 14:00,84040.0,20854.0,1087.47,505.85
2011-09-22 15:00,83426.0,21155.0,1079.3,518.77
2011-09-22 16:00,83026.0,21551.0,1076.37,565.81
2011-09-22 17:00,82830.0,21803.0,1073.14,555.37
2011-09-22 18:00,83024.0,21436.0,1076.66,538.8
2011-09-22 19:00,85355.0,20519.0,1089.82,495.21
2011-09-22 20:00,86220.0,19910.0,1096.31,480.99
2011-09-22 21:00,84010.0,19515.0,1083.77,477.32
2011-09-22 22:00,79654.0,19217.0,1042.94,475.78
2011-09-22 23:00,75683.0,19219.0,948.89,474.31
2011-09-23 00:00,72483.0,19078.0,863.65,500.04
2011-09-23 01:00,70145.0,19339.0,821.63,500.77
2011-09-23 02:00,69086.0,19631.0,803.36,490.54
2011-09-23 03:00,68669.0,19958.0,758.82,510.8
2011-09-23 04:00,69782.0,20961.0,792.79,563.98
2011-09-23 05:00,72480.0,21479.0,855.54,591.99
2011-09-23 06:00,75822.0,21812.0,923.43,610.0
2011-09-23 07:00,80359.0,21749.0,1092.3,622.55
2011-09-23 08:00,84067.0,21603.0,1121.83,605.78
2011-09-23 09:00,86099.0,21386.0,1142.19,596.7
2011-09-23 10:00,86370.0,21361.0,1144.85,596.71
2011-09-23 11:00,85475.0,21373.0,1124.77,600.05
2011-09-23 12:00,84763.0,21259.0,1127.6,587.79
2011-09-23 13:00,85166.0,21179.0,1135.91,585.63
2011-09-23 14:00,84760.0,21301.0,1127.93,589.41
2011-09-23 15:00,84046.0,21637.0,1113.37,594.43
2011-09-23 16:00,83454.0,22003.0,1106.79,606.32
2011-09-23 17:00,83136.0,22115.0,1105.29,638.13
2011-09-23 18:00,83735.0,21734.0,1117.71,626.56
2011-09-23 19:00,86075.0,20930.0,1125.99,598.43
2011-09-23 20:00,86751.0,20309.0,1112.2,582.91
2011-09-23 21:00,84613.0,19793.0,1116.0,519.6
2011-09-23 22:00,79817.0,19317.0,1059.95,538.4
2011-09-23 23:00,75760.0,19225.0,957.2,506.32
2011-09-24 00:00,72720.0,19100.0,911.25,489.79
2011-09-24 01:00,70655.0,19128.0,870.04,375.45
2011-09-24 02:00,68911.0,19456.0,812.8,511.85
2011-09-24 03:00,68666.0,19785.0,829.73,510.67
2011-09-24 04:00,68966.0,20166.0,833.33,522.07
2011-09-24 05:00,70202.0,20674.0,790.52,526.2
2011-09-24 06:00,70931.0,20999.0,820.79,584.48
2011-09-24 07:00,73782.0,21075.0,926.73,568.62
2011-09-24 08:00,76949.0,20957.0,1025.9,568.34
2011-09-24 09:00,79519.0,20792.0,1088.75,547.07
2011-09-24 10:00,80432.0,20724.0,1103.25,546.84
2011-09-24 11:00,80323.0,20669.0,1094.99,546.71
2011-09-24 12:00,79906.0,20672.0,1090.6,522.72
2011-09-24 13:00,79598.0,20678.0,1084.19,522.94
2011-09-24 14:00,79319.0,20819.0,1084.83,523.86
2011-09-24 15:00,78777.0,21019.0,1062.49,530.42
2011-09-24 16:00,78734.0,21638.0,1054.84,552.21
2011-09-24 17:00,79238.0,21212.0,1055.63,577.7
2011-09-24 18:00,80611.0,20854.0,1087.58,537.36
2011-09-24 19:00,82951.0,20140.0,1121.71,494.55
2011-09-24 20:00,83941.0,19506.0,1125.25,486.36
2011-09-24 21:00,82223.0,19196.0,1086.85,482.48
2011-09-24 22:00,78506.0,18832.0,1058.95,480.64
2011-09-24 23:00,74175.0,18817.0,958.85,479.02
2011-09-25 00:00,71591.0,18834.0,898.69,492.97
2011-09-25 01:00,69283.0,18979.0,805.89,491.15
2011-09-25 02:00,67949.0,19048.0,679.09,495.99
2011-09-25 03:00,67678.0,19367.0,674.47,497.3
2011-09-25 04:00,67715.0,20025.0,601.4,531.2
2011-09-25 05:00,68602.0,20574.0,511.8,555.85
2011-09-25 06:00,70377.0,21009.0,654.99,586.92
2011-09-25 07:00,70653.0,21075.0,654.9,570.98
2011-09-25 08:00,73287.0,20946.0,846.55,570.71
2011-09-25 09:00,75976.0,20852.0,946.99,586.54
2011-09-25 10:00,77560.0,20775.0,976.76,564.55
2011-09-25 11:00,77664.0,20727.0,978.39,563.69
2011-09-25 12:00,77446.0,20730.0,968.31,564.13
2011-09-25 13:00,77335.0,20810.0,967.05,562.04
2011-09-25 14:00,77294.0,21001.0,968.68,563.35
2011-09-25 15:00,77272.0,21414.0,968.33,575.8
2011-09-25 16:00,77685.0,21817.0,967.69,579.27
2011-09-25 17:00,78426.0,22015.0,966.5,602.1
2011-09-25 18:00,80218.0,21721.0,1029.93,576.61
2011-09-25 19:00,83113.0,20880.0,1135.05,554.2
2011-09-25 20:00,84440.0,20248.0,1125.72,551.86
2011-09-25 21:00,82477.0,19622.0,1092.65,531.44
2011-09-25 22:00,78363.0,19104.0,995.74,524.12
2011-09-25 23:00,74849.0,19046.0,946.73,522.97
2011-09-26 00:00,71415.0,18778.0,760.06,485.72
2011-09-26 01:00,69308.0,19017.0,592.28,487.2
2011-09-26 02:00,68417.0,19424.0,561.64,492.31
2011-09-26 03:00,68487.0,20291.0,546.32,531.27
2011-09-26 04:00,69660.0,20875.0,550.15,537.65
2011-09-26 05:00,72239.0,21470.0,636.97,570.24
2011-09-26 06:00,75856.0,21751.0,857.14,578.76
2011-09-26 07:00,80489.0,21778.0,1040.43,582.0
2011-09-26 08:00,84524.0,21569.0,1095.31,576.69
2011-09-26 09:00,86807.0,21387.0,1186.69,559.0
2011-09-26 10:00,87057.0,21375.0,1259.14,557.23
2011-09-26 11:00,86138.0,21397.0,1166.06,561.99
2011-09-26 12:00,85380.0,21397.0,1191.55,562.05
2011-09-26 13:00,85727.0,21447.0,1213.82,561.94
2011-09-26 14:00,85471.0,21632.0,1162.67,542.82
2011-09-26 15:00,84699.0,21924.0,1134.02,576.87
2011-09-26 16:00,84147.0,22366.0,1110.57,653.51
2011-09-26 17:00,83967.0,21933.0,1099.16,620.44
2011-09-26 18:00,84646.0,21536.0,1110.57,530.96
2011-09-26 19:00,87118.0,20649.0,1117.68,502.32
2011-09-26 20:00,87582.0,19756.0,1109.48,485.63
2011-09-26 21:00,85321.0,19249.0,1120.91,475.58
2011-09-26 22:00,80602.0,18947.0,1015.34,474.19
2011-09-26 23:00,76190.0,18924.0,879.75,472.71
2011-09-27 00:00,72849.0,19169.0,813.99,467.47
2011-09-27 01:00,70833.0,19441.0,788.2,469.17
2011-09-27 02:00,69719.0,19717.0,688.75,475.51
2011-09-27 03:00,69794.0,20299.0,696.49,478.2
2011-09-27 04:00,70725.0,21143.0,753.87,520.29
2011-09-27 05:00,73278.0,21403.0,820.57,522.43
2011-09-27 06:00,76880.0,21681.0,900.79,541.76
2011-09-27 07:00,81333.0,21708.0,1035.97,541.49
2011-09-27 08:00,84930.0,21632.0,1097.68,531.55
2011-09-27 09:00,87228.0,21484.0,1111.7,522.9
2011-09-27 10:00,87367.0,21423.0,1122.68,520.47
2011-09-27 11:00,86536.0,21355.0,1106.22,519.0
2011-09-27 12:00,85749.0,21255.0,1107.51,517.54
2011-09-27 13:00,86105.0,21208.0,1107.08,513.64
2011-09-27 14:00,85711.0,21432.0,1100.17,541.96
2011-09-27 15:00,84981.0,21766.0,1091.13,552.58
2011-09-27 16:00,84437.0,22107.0,1083.99,561.24
2011-09-27 17:00,84309.0,22113.0,1074.43,562.23
2011-09-27 18:00,85122.0,21566.0,1085.54,527.23
2011-09-27 19:00,87390.0,20701.0,1098.79,487.04
2011-09-27 20:00,87944.0,20043.0,1085.69,475.91
2011-09-27 21:00,85411.0,19655.0,1078.58,469.86
2011-09-27 22:00,81011.0,19366.0,1029.76,468.87
2011-09-27 23:00,76458.0,19348.0,913.54,467.53
2011-09-28 00:00,73172.0,19425.0,824.37,455.51
2011-09-28 01:00,70846.0,19678.0,786.29,460.14
2011-09-28 02:00,69654.0,20052.0,696.41,467.42
2011-09-28 03:00,69750.0,20583.0,693.64,500.73
2011-09-28 04:00,70771.0,21140.0,728.48,531.23
2011-09-28 05:00,73739.0,21606.0,844.27,539.91
2011-09-28 06:00,78154.0,21812.0,945.61,545.31
2011-09-28 07:00,81664.0,21791.0,1064.77,547.11
2011-09-28 08:00,85717.0,21618.0,1120.31,531.43
2011-09-28 09:00,87912.0,21518.0,1135.79,523.56
2011-09-28 10:00,88180.0,21512.0,1140.19,525.26
2011-09-28 11:00,87379.0,21494.0,1135.7,525.87
2011-09-28 12:00,86666.0,21440.0,1134.82,523.09
2011-09-28 13:00,87029.0,21365.0,1133.51,521.45
2011-09-28 14:00,86601.0,21496.0,1125.95,524.46
2011-09-28 15:00,85823.0,21824.0,1116.8,531.09
2011-09-28 16:00,85392.0,22188.0,1111.51,541.15
2011-09-28 17:00,85278.0,22310.0,1117.12,547.91
2011-09-28 18:00,85904.0,21842.0,1123.1,509.41
2011-09-28 19:00,88174.0,21017.0,1130.81,485.88
2011-09-28 20:00,88367.0,20405.0,1115.69,467.27
2011-09-28 21:00,85897.0,20044.0,1089.85,461.75
2011-09-28 22:00,81460.0,19726.0,1034.41,460.61
2011-09-28 23:00,76510.0,19667.0,862.17,458.85
2011-09-29 00:00,73248.0,19644.0,794.57,452.93
2011-09-29 01:00,70980.0,19800.0,736.1,459.8
2011-09-29 02:00,69897.0,20224.0,643.5,491.58
2011-09-29 03:00,69940.0,20797.0,639.86,499.49
2011-09-29 04:00,70907.0,21299.0,714.63,527.49
2011-09-29 05:00,73783.0,21774.0,822.18,589.33
2011-09-29 06:00,78595.0,21934.0,946.75,593.17
2011-09-29 07:00,81951.0,21799.0,1085.29,540.2
2011-09-29 08:00,85904.0,21725.0,1127.24,538.2
2011-09-29 09:00,88002.0,21641.0,1164.69,531.64
2011-09-29 10:00,88179.0,21594.0,1160.76,531.09
2011-09-29 11:00,87274.0,21561.0,1149.2,527.7
2011-09-29 12:00,86499.0,21497.0,1143.31,521.34
2011-09-29 13:00,86687.0,21523.0,1153.07,523.55
2011-09-29 14:00,86277.0,21568.0,1144.35,526.72
2011-09-29 15:00,85647.0,21804.0,1138.42,530.42
2011-09-29 16:00,85173.0,22228.0,1130.63,550.77
2011-09-29 17:00,85040.0,22325.0,1127.11,556.66
2011-09-29 18:00,86006.0,21842.0,1142.01,547.58
2011-09-29 19:00,88466.0,21094.0,1158.05,471.56
2011-09-29 20:00,88871.0,20479.0,1159.36,462.97
2011-09-29 21:00,86170.0,20091.0,1141.79,457.14
2011-09-29 22:00,81833.0,19780.0,1044.25,455.92
2011-09-29 23:00,77160.0,19739.0,887.38,454.35
2011-09-30 00:00,73258.0,19727.0,775.32,452.92
2011-09-30 01:00,71257.0,19915.0,737.82,453.77
2011-09-30 02:00,70027.0,20290.0,620.78,487.21
2011-09-30 03:00,69938.0,20825.0,619.84,495.78
2011-09-30 04:00,70888.0,21281.0,675.18,513.6
2011-09-30 05:00,73852.0,21745.0,781.07,524.07
2011-09-30 06:00,78828.0,21876.0,940.37,527.66
2011-09-30 07:00,82231.0,21923.0,1073.28,533.53
2011-09-30 08:00,86098.0,21612.0,1123.21,524.0
2011-09-30 09:00,88129.0,21530.0,1141.32,520.74
2011-09-30 10:00,88106.0,21452.0,1139.81,519.87
2011-09-30 11:00,87296.0,21443.0,1140.22,519.57
2011-09-30 12:00,86504.0,21388.0,1141.38,517.51
2011-09-30 13:00,86757.0,21316.0,1146.29,515.74
2011-09-30 14:00,86213.0,21502.0,1140.63,518.84
2011-09-30 15:00,85311.0,21782.0,1124.16,571.61
2011-09-30 16:00,84681.0,22044.0,1119.27,549.22
2011-09-30 17:00,84538.0,22119.0,1119.43,538.06
2011-09-30 18:00,85716.0,21651.0,1126.28,555.3
2011-09-30 19:00,88157.0,20977.0,1136.87,477.81
2011-09-30 20:00,88532.0,20362.0,1127.21,458.9
2011-09-30 21:00,86161.0,20043.0,1127.25,454.51
2011-09-30 22:00,82028.0,19709.0,1071.37,453.34
2011-09-30 23:00,77411.0,19661.0,923.51,452.02
2011-10-01 00:00,74094.0,19165.0,873.33,465.23
2011-10-01 01:00,71923.0,19384.0,796.23,465.79
2011-10-01 02:00,70473.0,19712.0,743.54,471.15
2011-10-01 03:00,70354.0,20078.0,751.3,472.12
2011-10-01 04:00,70962.0,20428.0,776.57,504.61
2011-10-01 05:00,72326.0,20929.0,797.69,500.2
2011-10-01 06:00,74064.0,21261.0,831.14,506.55
2011-10-01 07:00,75568.0,21301.0,914.23,520.33
2011-10-01 08:00,78367.0,21144.0,1004.43,509.26
2011-10-01 09:00,80646.0,20956.0,1038.22,503.38
2011-10-01 10:00,82131.0,20754.0,1049.09,479.64
2011-10-01 11:00,82035.0,20687.0,1049.43,482.14
2011-10-01 12:00,81470.0,20625.0,1042.22,497.02
2011-10-01 13:00,81005.0,20671.0,1037.17,497.09
2011-10-01 14:00,80727.0,20966.0,1034.05,504.35
2011-10-01 15:00,80503.0,21491.0,1035.0,567.4
2011-10-01 16:00,80728.0,21907.0,1037.52,558.3
2011-10-01 17:00,81268.0,21883.0,1043.03,563.77
2011-10-01 18:00,82892.0,21350.0,1084.62,543.31
2011-10-01 19:00,85742.0,20572.0,1134.33,496.28
2011-10-01 20:00,86387.0,19853.0,1168.93,471.77
2011-10-01 21:00,84274.0,19533.0,1093.22,466.44
2011-10-01 22:00,80196.0,19151.0,1032.68,463.81
2011-10-01 23:00,75718.0,19152.0,931.0,462.44
2011-10-02 00:00,72619.0,19203.0,916.28,461.84
2011-10-02 01:00,70404.0,19277.0,813.81,461.26
2011-10-02 02:00,69109.0,19534.0,790.43,465.89
2011-10-02 03:00,68846.0,19873.0,776.63,467.91
2011-10-02 04:00,68824.0,20250.0,746.17,493.98
2011-10-02 05:00,69624.0,20720.0,765.25,495.35
2011-10-02 06:00,71018.0,21004.0,739.22,503.57
2011-10-02 07:00,72482.0,21040.0,813.94,506.58
2011-10-02 08:00,75140.0,20885.0,924.68,503.5
2011-10-02 09:00,77774.0,20794.0,1011.69,500.04
2011-10-02 10:00,79434.0,20681.0,1027.51,496.88
2011-10-02 11:00,79636.0,20621.0,1028.49,494.77
2011-10-02 12:00,79681.0,20587.0,1031.16,495.41
2011-10-02 13:00,79438.0,20681.0,1022.18,496.46
2011-10-02 14:00,79453.0,20984.0,1020.51,502.41
2011-10-02 15:00,79361.0,21460.0,1016.65,514.11
2011-10-02 16:00,79836.0,21871.0,1026.06,531.37
2011-10-02 17:00,81104.0,21919.0,1040.63,552.77
2011-10-02 18:00,83276.0,21461.0,1107.85,525.25
2011-10-02 19:00,86339.0,20599.0,1161.11,481.64
2011-10-02 20:00,86646.0,19882.0,1168.51,470.07
2011-10-02 21:00,84370.0,19548.0,1091.01,465.7
2011-10-02 22:00,80096.0,19168.0,1039.63,462.6
2011-10-02 23:00,75506.0,19186.0,926.38,461.85
2011-10-03 00:00,73295.0,19376.0,846.98,456.89
2011-10-03 01:00,71219.0,19624.0,794.6,458.32
2011-10-03 02:00,70141.0,20001.0,712.95,464.76
2011-10-03 03:00,69997.0,20523.0,675.25,496.13
2011-10-03 04:00,71188.0,21139.0,746.39,516.33
2011-10-03 05:00,74108.0,21703.0,831.05,539.79
2011-10-03 06:00,78702.0,21975.0,909.18,548.23
2011-10-03 07:00,83759.0,21941.0,1075.0,550.88
2011-10-03 08:00,87506.0,21656.0,1128.01,557.25
2011-10-03 09:00,89900.0,21627.0,1158.67,550.62
2011-10-03 10:00,90449.0,21636.0,1175.35,551.4
2011-10-03 11:00,89442.0,21607.0,1152.43,551.13
2011-10-03 12:00,89125.0,21544.0,1147.8,534.63
2011-10-03 13:00,89357.0,21537.0,1152.89,531.83
2011-10-03 14:00,88995.0,21632.0,1152.85,534.36
2011-10-03 15:00,88416.0,22063.0,1132.8,599.47
2011-10-03 16:00,88144.0,22377.0,1133.63,608.67
2011-10-03 17:00,87686.0,22434.0,1130.38,590.33
2011-10-03 18:00,88855.0,22014.0,1140.03,586.7
2011-10-03 19:00,91104.0,21114.0,1169.01,529.39
2011-10-03 20:00,90773.0,20356.0,1166.04,501.9
2011-10-03 21:00,88065.0,19852.0,1125.8,472.51
2011-10-03 22:00,83590.0,19613.0,1024.42,464.75
2011-10-03 23:00,78435.0,19596.0,900.44,463.99
2011-10-04 00:00,74519.0,19452.0,746.29,421.01
2011-10-04 01:00,72197.0,19713.0,612.17,423.25
2011-10-04 02:00,71159.0,20408.0,558.83,439.72
2011-10-04 03:00,71130.0,21009.0,540.64,456.96
2011-10-04 04:00,72490.0,21475.0,594.72,491.76
2011-10-04 05:00,74783.0,21695.0,741.11,513.19
2011-10-04 06:00,79528.0,21832.0,836.88,527.89
2011-10-04 07:00,84484.0,21776.0,985.28,527.91
2011-10-04 08:00,87873.0,21576.0,1055.1,515.42
2011-10-04 09:00,90115.0,21467.0,1100.25,493.48
2011-10-04 10:00,90373.0,21370.0,1099.66,489.85
2011-10-04 11:00,89476.0,21308.0,1074.63,489.74
2011-10-04 12:00,88959.0,21484.0,1097.31,483.85
2011-10-04 13:00,89291.0,21470.0,1104.14,484.75
2011-10-04 14:00,88948.0,21673.0,1101.48,512.28
2011-10-04 15:00,88304.0,21942.0,1077.89,531.98
2011-10-04 16:00,87973.0,22369.0,1073.37,558.91
2011-10-04 17:00,87670.0,22334.0,1068.37,558.76
2011-10-04 18:00,89077.0,21699.0,1077.36,520.6
2011-10-04 19:00,90966.0,20800.0,1107.66,477.56
2011-10-04 20:00,90594.0,20163.0,1087.75,455.29
2011-10-04 21:00,87897.0,19901.0,1058.69,446.94
2011-10-04 22:00,83272.0,19724.0,946.38,442.98
2011-10-04 23:00,78266.0,19666.0,838.42,407.92
2011-10-05 00:00,75272.0,19520.0,757.22,424.87
2011-10-05 01:00,73133.0,19720.0,652.64,426.03
2011-10-05 02:00,71920.0,20401.0,610.26,445.17
2011-10-05 03:00,71865.0,20876.0,601.07,455.98
2011-10-05 04:00,72956.0,21316.0,619.9,485.67
2011-10-05 05:00,75401.0,21533.0,787.7,495.59
2011-10-05 06:00,80160.0,21675.0,870.4,510.64
2011-10-05 07:00,85267.0,21613.0,996.57,509.5
2011-10-05 08:00,89045.0,21409.0,1102.87,516.56
2011-10-05 09:00,91387.0,21261.0,1140.07,498.77
2011-10-05 10:00,91827.0,21209.0,1154.97,495.02
2011-10-05 11:00,90843.0,21173.0,1123.94,496.32
2011-10-05 12:00,90465.0,21320.0,1131.85,489.1
2011-10-05 13:00,90554.0,21349.0,1132.55,488.72
2011-10-05 14:00,89868.0,21490.0,1119.89,516.9
2011-10-05 15:00,89094.0,21894.0,1104.6,517.5
2011-10-05 16:00,88803.0,22817.0,1103.06,608.91
2011-10-05 17:00,88686.0,22765.0,1103.64,593.77
2011-10-05 18:00,90323.0,21554.0,1114.63,491.59
2011-10-05 19:00,91667.0,20731.0,1127.22,487.76
2011-10-05 20:00,91039.0,20276.0,1106.83,452.73
2011-10-05 21:00,88306.0,19961.0,1085.28,446.61
2011-10-05 22:00,83701.0,19642.0,984.03,437.12
2011-10-05 23:00,78926.0,19566.0,863.74,433.94
2011-10-06 00:00,75136.0,19387.0,791.05,470.26
2011-10-06 01:00,72820.0,19556.0,646.0,469.95
2011-10-06 02:00,71898.0,19881.0,619.4,475.99
2011-10-06 03:00,71793.0,20601.0,614.08,500.75
2011-10-06 04:00,72857.0,21315.0,660.86,516.92
2011-10-06 05:00,75246.0,21749.0,780.4,567.79
2011-10-06 06:00,79858.0,21903.0,883.76,562.1
2011-10-06 07:00,84983.0,21865.0,1055.18,591.69
2011-10-06 08:00,88720.0,21663.0,1133.38,595.71
2011-10-06 09:00,90953.0,21487.0,1175.01,595.38
2011-10-06 10:00,91427.0,21406.0,1221.32,582.76
2011-10-06 11:00,90620.0,21346.0,1168.42,581.67
2011-10-06 12:00,90013.0,21375.0,1158.61,560.01
2011-10-06 13:00,90330.0,21480.0,1177.36,560.13
2011-10-06 14:00,89828.0,21856.0,1171.5,552.65
2011-10-06 15:00,89112.0,22686.0,1144.29,643.26
2011-10-06 16:00,88960.0,23124.0,1157.3,708.65
2011-10-06 17:00,88989.0,23048.0,1131.12,713.13
2011-10-06 18:00,90630.0,22356.0,1154.77,693.86
2011-10-06 19:00,92016.0,21100.0,1191.25,567.12
2011-10-06 20:00,90994.0,20178.0,1211.98,520.33
2011-10-06 21:00,88324.0,19588.0,1131.99,476.29
2011-10-06 22:00,83673.0,19332.0,1019.19,484.69
2011-10-06 23:00,78873.0,19211.0,865.72,481.35
2011-10-07 00:00,74642.0,19441.0,784.85,467.68
2011-10-07 01:00,72804.0,19661.0,637.84,469.21
2011-10-07 02:00,71472.0,19914.0,595.9,474.47
2011-10-07 03:00,71459.0,20726.0,584.9,501.05
2011-10-07 04:00,72555.0,21443.0,601.1,513.26
2011-10-07 05:00,74886.0,21814.0,783.73,541.46
2011-10-07 06:00,79544.0,22002.0,874.6,558.08
2011-10-07 07:00,84110.0,21924.0,1042.02,559.37
2011-10-07 08:00,87499.0,21719.0,1088.65,562.02
2011-10-07 09:00,89800.0,21506.0,1139.64,546.65
2011-10-07 10:00,90037.0,21429.0,1147.41,546.14
2011-10-07 11:00,89147.0,21386.0,1112.12,544.08
2011-10-07 12:00,88603.0,21466.0,1107.47,522.05
2011-10-07 13:00,88780.0,21509.0,1118.22,522.38
2011-10-07 14:00,88214.0,21741.0,1106.81,530.51
2011-10-07 15:00,87310.0,22236.0,1105.42,548.41
2011-10-07 16:00,86831.0,22846.0,1102.53,600.61
2011-10-07 17:00,86659.0,22442.0,1108.22,554.75
2011-10-07 18:00,88327.0,21944.0,1116.3,541.64
2011-10-07 19:00,90356.0,21123.0,1156.23,528.69
2011-10-07 20:00,89781.0,20339.0,1124.41,508.72
2011-10-07 21:00,86893.0,19736.0,1086.83,495.98
2011-10-07 22:00,82295.0,19292.0,994.13,468.72
2011-10-07 23:00,78036.0,19141.0,876.18,471.48
2011-10-08 00:00,74266.0,19654.0,825.54,433.81
2011-10-08 01:00,72084.0,19746.0,767.22,433.25
2011-10-08 02:00,71077.0,19603.0,746.41,436.11
2011-10-08 03:00,70956.0,20044.0,748.44,437.11
2011-10-08 04:00,70698.0,20482.0,713.67,447.26
2011-10-08 05:00,71961.0,20983.0,754.2,523.91
2011-10-08 06:00,73998.0,21318.0,803.57,568.61
2011-10-08 07:00,76432.0,21338.0,894.1,578.21
2011-10-08 08:00,79075.0,21211.0,962.6,588.78
2011-10-08 09:00,81324.0,21028.0,1050.58,572.82
2011-10-08 10:00,82189.0,20874.0,1068.37,559.98
2011-10-08 11:00,81922.0,20793.0,1065.15,525.81
2011-10-08 12:00,81819.0,20810.0,1067.98,517.36
2011-10-08 13:00,81388.0,20888.0,1055.56,531.04
2011-10-08 14:00,80946.0,21229.0,993.55,570.26
2011-10-08 15:00,80795.0,21732.0,945.53,621.96
2011-10-08 16:00,80966.0,22114.0,954.46,641.15
2011-10-08 17:00,81933.0,22075.0,1003.77,685.49
2011-10-08 18:00,84318.0,21578.0,1084.35,660.68
2011-10-08 19:00,86604.0,20766.0,1110.91,604.51
2011-10-08 20:00,86460.0,20109.0,1103.64,520.88
2011-10-08 21:00,83961.0,19582.0,1080.77,456.21
2011-10-08 22:00,80094.0,19095.0,1008.09,434.74
2011-10-08 23:00,75995.0,18961.0,876.01,433.49
2011-10-09 00:00,74120.0,19693.0,802.42,413.4
2011-10-09 01:00,71993.0,19783.0,727.95,413.52
2011-10-09 02:00,70923.0,20210.0,671.08,411.5
2011-10-09 03:00,70540.0,20616.0,633.31,446.24
2011-10-09 04:00,70806.0,20862.0,632.69,453.51
2011-10-09 05:00,71523.0,21189.0,704.07,475.93
2011-10-09 06:00,72622.0,21470.0,650.95,490.63
2011-10-09 07:00,73599.0,21502.0,718.12,492.6
2011-10-09 08:00,75808.0,21191.0,786.46,495.81
2011-10-09 09:00,78287.0,21171.0,922.23,494.82
2011-10-09 10:00,79883.0,21014.0,961.79,489.15
2011-10-09 11:00,80121.0,20928.0,964.31,486.8
2011-10-09 12:00,80162.0,21220.0,961.49,488.31
2011-10-09 13:00,79956.0,21354.0,960.32,488.69
2011-10-09 14:00,79877.0,21606.0,959.77,492.09
2011-10-09 15:00,79982.0,21998.0,958.78,539.46
2011-10-09 16:00,80931.0,22419.0,978.67,591.31
2011-10-09 17:00,82451.0,22301.0,1024.51,604.38
2011-10-09 18:00,84946.0,21849.0,1051.2,521.89
2011-10-09 19:00,87383.0,20916.0,1104.29,501.99
2011-10-09 20:00,87047.0,20220.0,1082.66,480.78
2011-10-09 21:00,84282.0,19945.0,1031.8,451.7
2011-10-09 22:00,80284.0,19729.0,954.72,446.48
2011-10-09 23:00,76433.0,19718.0,858.31,445.19
2011-10-10 00:00,73710.0,19731.0,805.25,452.08
2011-10-10 01:00,71804.0,19991.0,658.15,453.83
2011-10-10 02:00,70971.0,20282.0,627.56,459.38
2011-10-10 03:00,70880.0,20974.0,574.1,479.68
2011-10-10 04:00,71826.0,21734.0,615.45,520.3
2011-10-10 05:00,74672.0,22240.0,708.77,542.81
2011-10-10 06:00,78470.0,22507.0,798.87,566.83
2011-10-10 07:00,83697.0,22526.0,936.98,553.94
2011-10-10 08:00,87851.0,22356.0,1069.08,545.8
2011-10-10 09:00,90236.0,22208.0,1088.63,526.48
2011-10-10 10:00,90568.0,22176.0,1100.09,538.3
2011-10-10 11:00,89622.0,22197.0,1061.12,538.44
2011-10-10 12:00,88828.0,22156.0,1050.19,524.26
2011-10-10 13:00,88986.0,22237.0,1054.19,510.79
2011-10-10 14:00,88401.0,22386.0,1048.45,542.2
2011-10-10 15:00,87580.0,22649.0,1034.88,577.86
2011-10-10 16:00,87012.0,23303.0,1029.12,630.05
2011-10-10 17:00,87298.0,23145.0,1051.04,596.85
2011-10-10 18:00,88725.0,22319.0,1044.21,543.39
2011-10-10 19:00,91093.0,21549.0,1062.14,490.76
2011-10-10 20:00,90225.0,20850.0,1039.28,477.04
2011-10-10 21:00,86889.0,20386.0,1010.3,472.9
2011-10-10 22:00,81507.0,20046.0,923.82,455.31
2011-10-10 23:00,77866.0,19963.0,800.37,451.66
2011-10-11 00:00,74158.0,19922.0,706.77,455.51
2011-10-11 01:00,72130.0,20136.0,584.36,459.86
2011-10-11 02:00,71584.0,20601.0,516.36,480.69
2011-10-11 03:00,71448.0,21228.0,508.63,486.18
2011-10-11 04:00,72636.0,21639.0,578.36,512.11
2011-10-11 05:00,75414.0,22101.0,698.87,516.52
2011-10-11 06:00,78512.0,22347.0,773.79,521.15
2011-10-11 07:00,83284.0,22289.0,914.43,523.77
2011-10-11 08:00,86639.0,22075.0,1001.84,520.93
2011-10-11 09:00,89537.0,21943.0,1038.64,514.23
2011-10-11 10:00,89783.0,21884.0,1047.57,513.28
2011-10-11 11:00,88452.0,21886.0,1028.96,512.46
2011-10-11 12:00,87726.0,21899.0,1020.44,512.63
2011-10-11 13:00,87928.0,21970.0,1022.29,500.05
2011-10-11 14:00,87643.0,22166.0,1022.94,539.55
2011-10-11 15:00,86864.0,22473.0,1012.6,569.55
2011-10-11 16:00,86743.0,22803.0,1003.48,615.98
2011-10-11 17:00,86811.0,22667.0,1000.66,543.65
2011-10-11 18:00,88845.0,22087.0,1020.49,536.99
2011-10-11 19:00,91144.0,21312.0,1049.5,496.09
2011-10-11 20:00,90238.0,20688.0,1052.53,480.75
2011-10-11 21:00,87023.0,20205.0,1019.04,476.42
2011-10-11 22:00,82026.0,19857.0,891.04,460.35
2011-10-11 23:00,77833.0,19855.0,810.48,458.54
2011-10-12 00:00,74547.0,19487.0,703.77,480.18
2011-10-12 01:00,72320.0,19713.0,620.77,482.33
2011-10-12 02:00,71293.0,20278.0,544.77,494.59
2011-10-12 03:00,71389.0,21068.0,533.02,512.02
2011-10-12 04:00,72717.0,21775.0,600.21,523.95
2011-10-12 05:00,75473.0,22186.0,697.83,538.96
2011-10-12 06:00,78977.0,22351.0,768.49,544.63
2011-10-12 07:00,84111.0,22295.0,934.38,543.5
2011-10-12 08:00,87115.0,22041.0,997.11,539.26
2011-10-12 09:00,89651.0,22040.0,1033.08,534.96
2011-10-12 10:00,90031.0,21991.0,1064.21,534.7
2011-10-12 11:00,89301.0,21912.0,1042.53,532.76
2011-10-12 12:00,88676.0,21862.0,1037.23,530.39
2011-10-12 13:00,88918.0,21863.0,1045.93,525.47
2011-10-12 14:00,88560.0,22134.0,1046.49,530.05
2011-10-12 15:00,88225.0,22406.0,1034.7,537.5
2011-10-12 16:00,87451.0,22798.0,1006.6,562.9
2011-10-12 17:00,87187.0,22565.0,995.85,558.07
2011-10-12 18:00,88996.0,22052.0,998.82,538.52
2011-10-12 19:00,91147.0,21350.0,1049.79,523.33
2011-10-12 20:00,90203.0,20545.0,1034.87,506.95
2011-10-12 21:00,86851.0,20102.0,997.32,469.46
2011-10-12 22:00,82309.0,20104.0,897.75,451.87
2011-10-12 23:00,77815.0,20050.0,805.33,444.32
2011-10-13 00:00,74923.0,20048.0,753.42,408.74
2011-10-13 01:00,72548.0,19952.0,625.65,464.1
2011-10-13 02:00,71516.0,20185.0,567.02,536.06
2011-10-13 03:00,71645.0,20970.0,569.46,552.76
2011-10-13 04:00,73087.0,21638.0,620.8,569.32
2011-10-13 05:00,75606.0,22101.0,709.77,584.0
2011-10-13 06:00,78954.0,22160.0,789.4,588.7
2011-10-13 07:00,84255.0,22097.0,943.77,592.52
2011-10-13 08:00,87742.0,21893.0,998.08,579.87
2011-10-13 09:00,89574.0,21726.0,1021.7,574.66
2011-10-13 10:00,90100.0,21675.0,1038.55,563.78
2011-10-13 11:00,89452.0,21625.0,1022.22,563.69
2011-10-13 12:00,88970.0,21553.0,1025.19,562.37
2011-10-13 13:00,89195.0,21582.0,1021.4,567.44
2011-10-13 14:00,88911.0,21835.0,1029.5,570.81
2011-10-13 15:00,88592.0,22289.0,1015.76,580.79
2011-10-13 16:00,88596.0,22744.0,1016.34,653.12
2011-10-13 17:00,88655.0,22533.0,1007.81,672.6
2011-10-13 18:00,90216.0,21992.0,1012.33,583.49
2011-10-13 19:00,91796.0,21121.0,1029.22,564.39
2011-10-13 20:00,90450.0,20390.0,1016.57,537.98
2011-10-13 21:00,87158.0,19846.0,990.35,517.65
2011-10-13 22:00,82879.0,19784.0,937.58,464.6
2011-10-13 23:00,78448.0,19884.0,789.7,457.27
2011-10-14 00:00,75365.0,19910.0,769.84,456.32
2011-10-14 01:00,73217.0,19897.0,657.52,464.62
2011-10-14 02:00,72539.0,20195.0,644.7,472.28
2011-10-14 03:00,72556.0,20865.0,624.56,491.43
2011-10-14 04:00,73904.0,21559.0,660.01,502.32
2011-10-14 05:00,76413.0,21994.0,787.31,504.66
2011-10-14 06:00,79582.0,22122.0,833.4,522.71
2011-10-14 07:00,84696.0,22016.0,979.65,533.0
2011-10-14 08:00,88026.0,21846.0,1018.87,507.11
2011-10-14 09:00,89855.0,21633.0,1050.11,497.84
2011-10-14 10:00,90040.0,21627.0,1059.31,497.41
2011-10-14 11:00,89133.0,21618.0,1034.97,496.71
2011-10-14 12:00,88272.0,21574.0,1021.38,495.28
2011-10-14 13:00,88664.0,21595.0,1028.71,497.7
2011-10-14 14:00,88443.0,21780.0,1033.55,506.95
2011-10-14 15:00,87831.0,22299.0,1023.04,517.22
2011-10-14 16:00,87946.0,22561.0,1023.76,557.67
2011-10-14 17:00,88007.0,22393.0,1022.84,545.62
2011-10-14 18:00,90468.0,21894.0,1047.52,521.9
2011-10-14 19:00,92030.0,21142.0,1152.5,499.56
2011-10-14 20:00,90313.0,20465.0,1041.45,485.73
2011-10-14 21:00,87485.0,20166.0,1029.75,480.32
2011-10-14 22:00,82465.0,19778.0,939.4,460.49
2011-10-14 23:00,78025.0,19741.0,829.19,456.87
2011-10-15 00:00,76623.0,19568.0,875.88,456.12
2011-10-15 01:00,74202.0,19669.0,812.55,456.33
2011-10-15 02:00,72980.0,19977.0,738.16,471.36
2011-10-15 03:00,72686.0,20534.0,689.58,482.99
2011-10-15 04:00,72985.0,21041.0,692.35,492.0
2011-10-15 05:00,74109.0,21513.0,718.88,493.14
2011-10-15 06:00,76327.0,21746.0,818.84,509.57
2011-10-15 07:00,79141.0,21699.0,916.39,513.08
2011-10-15 08:00,82690.0,21604.0,990.01,510.79
2011-10-15 09:00,84702.0,21493.0,1023.53,509.68
2011-10-15 10:00,85617.0,21364.0,1045.61,496.5
2011-10-15 11:00,85137.0,21344.0,1038.2,496.07
2011-10-15 12:00,84465.0,21369.0,1023.33,496.11
2011-10-15 13:00,84139.0,21470.0,1018.81,497.36
2011-10-15 14:00,83806.0,21800.0,1015.88,519.95
2011-10-15 15:00,83826.0,22418.0,1015.78,547.7
2011-10-15 16:00,84035.0,22616.0,1017.97,567.22
2011-10-15 17:00,85116.0,22347.0,1022.02,554.14
2011-10-15 18:00,88013.0,21755.0,1054.34,522.99
2011-10-15 19:00,89776.0,21122.0,1150.43,493.28
2011-10-15 20:00,88312.0,20243.0,1072.08,481.64
2011-10-15 21:00,85876.0,19937.0,1007.18,475.98
2011-10-15 22:00,81723.0,19536.0,987.55,456.54
2011-10-15 23:00,77093.0,19509.0,839.33,454.55
2011-10-16 00:00,76132.0,19622.0,854.09,449.0
2011-10-16 01:00,73608.0,19705.0,745.96,449.31
2011-10-16 02:00,72622.0,19963.0,684.27,463.49
2011-10-16 03:00,72234.0,20339.0,655.97,465.36
2011-10-16 04:00,72468.0,20709.0,646.7,467.75
2011-10-16 05:00,73242.0,21185.0,668.16,469.59
2011-10-16 06:00,74776.0,21524.0,706.55,500.5
2011-10-16 07:00,77197.0,21563.0,825.18,502.75
2011-10-16 08:00,80261.0,21480.0,913.8,502.2
2011-10-16 09:00,82607.0,21431.0,962.46,501.33
2011-10-16 10:00,83843.0,21254.0,986.85,500.13
2011-10-16 11:00,83697.0,21289.0,981.1,499.57
2011-10-16 12:00,83182.0,21264.0,974.9,498.75
2011-10-16 13:00,82919.0,21355.0,971.38,487.62
2011-10-16 14:00,82825.0,21755.0,972.67,506.79
2011-10-16 15:00,82895.0,22209.0,974.04,520.74
2011-10-16 16:00,83465.0,22806.0,979.35,563.87
2011-10-16 17:00,84978.0,22108.0,982.7,598.55
2011-10-16 18:00,88291.0,21833.0,1036.77,495.57
2011-10-16 19:00,90075.0,21220.0,1159.35,476.56
2011-10-16 20:00,88775.0,20450.0,1055.49,474.65
2011-10-16 21:00,86220.0,20121.0,999.15,452.88
2011-10-16 22:00,81746.0,19796.0,958.94,450.16
2011-10-16 23:00,76925.0,19761.0,819.23,448.0
2011-10-17 00:00,76475.0,19429.0,834.1,469.12
2011-10-17 01:00,73863.0,19628.0,697.58,473.21
2011-10-17 02:00,72887.0,20021.0,657.5,477.76
2011-10-17 03:00,73044.0,20864.0,638.82,508.45
2011-10-17 04:00,74143.0,21569.0,644.55,529.61
2011-10-17 05:00,76693.0,21992.0,709.22,536.69
2011-10-17 06:00,80116.0,22219.0,798.53,554.74
2011-10-17 07:00,85366.0,22190.0,926.07,566.8
2011-10-17 08:00,89640.0,22015.0,997.81,553.81
2011-10-17 09:00,91938.0,21909.0,1031.53,545.66
2011-10-17 10:00,92183.0,21869.0,1041.37,536.41
2011-10-17 11:00,91463.0,21828.0,1028.47,534.53
2011-10-17 12:00,90655.0,21816.0,995.28,532.7
2011-10-17 13:00,90866.0,21902.0,1003.79,532.4
2011-10-17 14:00,90395.0,22130.0,992.99,538.35
2011-10-17 15:00,89670.0,22472.0,983.11,555.24
2011-10-17 16:00,89857.0,22842.0,993.65,622.29
2011-10-17 17:00,89664.0,22581.0,974.07,656.4
2011-10-17 18:00,92073.0,22060.0,995.15,556.17
2011-10-17 19:00,93475.0,21267.0,1030.72,523.38
2011-10-17 20:00,92067.0,20456.0,1003.58,513.85
2011-10-17 21:00,89104.0,19908.0,984.71,493.55
2011-10-17 22:00,84414.0,19462.0,929.69,474.16
2011-10-17 23:00,79521.0,19424.0,806.51,471.81
2011-10-18 00:00,77239.0,19192.0,689.26,563.13
2011-10-18 01:00,75139.0,19487.0,624.45,566.18
2011-10-18 02:00,74959.0,20177.0,607.85,591.77
2011-10-18 03:00,75011.0,21108.0,592.96,598.06
2011-10-18 04:00,76037.0,21727.0,635.7,634.25
2011-10-18 05:00,78292.0,22215.0,669.31,657.17
2011-10-18 06:00,81839.0,22305.0,797.7,663.22
2011-10-18 07:00,86985.0,22251.0,913.74,663.69
2011-10-18 08:00,90828.0,22075.0,978.66,660.49
2011-10-18 09:00,92829.0,21902.0,1024.01,626.65
2011-10-18 10:00,93123.0,21869.0,1025.1,643.61
2011-10-18 11:00,92174.0,21742.0,996.58,638.47
2011-10-18 12:00,90852.0,21774.0,974.31,637.71
2011-10-18 13:00,90935.0,21911.0,981.27,645.23
2011-10-18 14:00,90568.0,22177.0,986.16,653.3
2011-10-18 15:00,89952.0,22628.0,970.06,652.12
2011-10-18 16:00,90101.0,22943.0,971.9,669.47
2011-10-18 17:00,90122.0,22674.0,955.27,661.66
2011-10-18 18:00,92560.0,22013.0,982.68,654.94
2011-10-18 19:00,94239.0,21118.0,1034.44,616.98
2011-10-18 20:00,92743.0,20471.0,1006.77,613.51
2011-10-18 21:00,89681.0,19834.0,979.63,540.39
2011-10-18 22:00,84532.0,19378.0,918.08,561.95
2011-10-18 23:00,80204.0,19233.0,793.65,563.76
2011-10-19 00:00,77990.0,19528.0,698.17,598.91
2011-10-19 01:00,76035.0,19782.0,598.14,597.64
2011-10-19 02:00,75116.0,20461.0,495.53,609.58
2011-10-19 03:00,75122.0,21350.0,498.44,636.06
2011-10-19 04:00,76322.0,21965.0,604.17,662.43
2011-10-19 05:00,78854.0,22417.0,689.52,682.7
2011-10-19 06:00,82095.0,22494.0,775.94,683.8
2011-10-19 07:00,87271.0,22412.0,926.45,686.42
2011-10-19 08:00,91176.0,22918.0,986.48,725.27
2011-10-19 09:00,93098.0,22820.0,1009.71,716.74
2011-10-19 10:00,93388.0,21980.0,1030.5,672.88
2011-10-19 11:00,92387.0,21955.0,1006.63,672.16
2011-10-19 12:00,91593.0,21978.0,990.94,665.66
2011-10-19 13:00,91783.0,22077.0,1001.39,667.59
2011-10-19 14:00,91190.0,22422.0,988.46,672.88
2011-10-19 15:00,90658.0,22909.0,978.17,695.36
2011-10-19 16:00,91041.0,23970.0,982.74,833.12
2011-10-19 17:00,91356.0,23622.0,974.62,847.05
2011-10-19 18:00,93573.0,22306.0,1003.89,692.59
2011-10-19 19:00,94720.0,21412.0,1023.8,658.68
2011-10-19 20:00,92701.0,20789.0,988.75,656.13
2011-10-19 21:00,89653.0,20232.0,977.0,624.78
2011-10-19 22:00,85173.0,19714.0,917.1,607.96
2011-10-19 23:00,80720.0,19621.0,764.4,602.36
2011-10-20 00:00,79199.0,19706.0,763.22,624.81
2011-10-20 01:00,76075.0,19841.0,636.82,622.4
2011-10-20 02:00,75425.0,20450.0,560.2,624.55
2011-10-20 03:00,75720.0,21326.0,570.99,638.54
2011-10-20 04:00,76689.0,22005.0,618.24,673.72
2011-10-20 05:00,79114.0,22514.0,730.13,686.83
2011-10-20 06:00,82349.0,22740.0,814.38,692.47
2011-10-20 07:00,87512.0,22655.0,964.49,692.07
2011-10-20 08:00,91401.0,22410.0,1022.77,691.57
2011-10-20 09:00,93378.0,22195.0,1043.8,686.16
2011-10-20 10:00,93629.0,22084.0,1067.86,684.37
2011-10-20 11:00,92621.0,22068.0,1046.29,679.22
2011-10-20 12:00,91844.0,22136.0,1033.43,681.66
2011-10-20 13:00,91897.0,22257.0,1035.59,683.63
2011-10-20 14:00,91406.0,22536.0,1027.68,685.07
2011-10-20 15:00,91012.0,23092.0,1023.08,689.8
2011-10-20 16:00,91374.0,23419.0,1030.81,694.42
2011-10-20 17:00,91591.0,23185.0,1018.75,690.13
2011-10-20 18:00,93849.0,22556.0,1046.64,689.11
2011-10-20 19:00,95202.0,21668.0,1061.67,666.99
2011-10-20 20:00,93313.0,20976.0,1038.67,664.98
2011-10-20 21:00,89945.0,20391.0,1016.62,635.45
2011-10-20 22:00,84743.0,19915.0,919.02,628.22
2011-10-20 23:00,80749.0,19775.0,809.85,623.67
2011-10-21 00:00,79095.0,19864.0,775.87,630.07
2011-10-21 01:00,76144.0,20105.0,663.14,635.26
2011-10-21 02:00,75410.0,20710.0,636.93,643.77
2011-10-21 03:00,75572.0,21626.0,627.74,650.42
2011-10-21 04:00,76734.0,22300.0,667.44,683.41
2011-10-21 05:00,79081.0,22678.0,735.38,687.85
2011-10-21 06:00,82206.0,22941.0,824.74,695.47
2011-10-21 07:00,87927.0,22845.0,947.42,696.12
2011-10-21 08:00,91602.0,22598.0,999.54,698.15
2011-10-21 09:00,93411.0,22416.0,1014.52,693.14
2011-10-21 10:00,93471.0,22421.0,1044.57,693.77
2011-10-21 11:00,92190.0,22381.0,1015.95,692.65
2011-10-21 12:00,91112.0,22427.0,990.24,692.49
2011-10-21 13:00,91136.0,22559.0,990.66,693.52
2011-10-21 14:00,90718.0,22929.0,990.62,691.84
2011-10-21 15:00,90219.0,23470.0,982.75,707.36
2011-10-21 16:00,90534.0,23698.0,994.28,735.61
2011-10-21 17:00,90717.0,23263.0,981.01,709.43
2011-10-21 18:00,93403.0,22587.0,1014.48,676.97
2011-10-21 19:00,94633.0,21844.0,1050.41,674.74
2011-10-21 20:00,92728.0,21202.0,1004.81,676.54
2011-10-21 21:00,89798.0,20634.0,981.44,656.71
2011-10-21 22:00,85328.0,20206.0,917.71,648.24
2011-10-21 23:00,80919.0,19996.0,852.75,642.73
2011-10-22 00:00,78870.0,19922.0,826.5,567.94
2011-10-22 01:00,76255.0,19966.0,762.02,563.64
2011-10-22 02:00,75160.0,20361.0,753.52,582.41
2011-10-22 03:00,74899.0,20873.0,765.85,579.54
2011-10-22 04:00,75327.0,21343.0,772.6,586.83
2011-10-22 05:00,77109.0,21858.0,810.35,646.94
2011-10-22 06:00,78780.0,22218.0,822.7,661.32
2011-10-22 07:00,82117.0,22206.0,936.89,664.87
2011-10-22 08:00,85404.0,22107.0,1012.4,680.09
2011-10-22 09:00,87541.0,21964.0,1035.8,675.31
2011-10-22 10:00,88527.0,21863.0,1128.81,662.35
2011-10-22 11:00,88160.0,21821.0,1109.06,662.57
2011-10-22 12:00,87463.0,21839.0,1065.09,658.91
2011-10-22 13:00,87222.0,21978.0,1028.03,608.96
2011-10-22 14:00,87000.0,22381.0,1025.45,655.64
2011-10-22 15:00,86940.0,22902.0,1024.51,666.84
2011-10-22 16:00,87494.0,23120.0,1028.82,670.08
2011-10-22 17:00,89047.0,22733.0,1046.93,651.44
2011-10-22 18:00,91937.0,22217.0,1190.81,635.43
2011-10-22 19:00,93024.0,21504.0,1231.83,611.54
2011-10-22 20:00,91513.0,20907.0,1222.45,641.52
2011-10-22 21:00,88843.0,20427.0,1039.07,565.6
2011-10-22 22:00,84648.0,19949.0,1009.36,562.74
2011-10-22 23:00,79542.0,19801.0,885.28,560.61
2011-10-23 00:00,77635.0,19840.0,807.51,460.36
2011-10-23 01:00,75629.0,19967.0,792.79,458.61
2011-10-23 02:00,74536.0,20338.0,746.0,476.88
2011-10-23 03:00,74324.0,20873.0,729.66,475.71
2011-10-23 04:00,74359.0,21266.0,734.47,478.24
2011-10-23 05:00,75472.0,21657.0,783.62,478.91
2011-10-23 06:00,75948.0,22158.0,760.44,497.87
2011-10-23 07:00,77014.0,22010.0,795.55,503.58
2011-10-23 08:00,79679.0,21960.0,829.22,502.82
2011-10-23 09:00,82526.0,21886.0,901.3,502.33
2011-10-23 10:00,84198.0,21880.0,935.77,501.42
2011-10-23 11:00,84487.0,21846.0,937.13,499.99
2011-10-23 12:00,84199.0,21905.0,932.88,509.29
2011-10-23 13:00,84037.0,22236.0,926.23,507.52
2011-10-23 14:00,84183.0,22678.0,928.61,524.58
2011-10-23 15:00,84388.0,23364.0,929.8,663.87
2011-10-23 16:00,85549.0,23713.0,938.0,675.98
2011-10-23 17:00,87519.0,23328.0,979.98,631.08
2011-10-23 18:00,90868.0,23019.0,1071.44,619.75
2011-10-23 19:00,92576.0,22028.0,1170.77,508.65
2011-10-23 20:00,90747.0,20952.0,1060.71,501.84
2011-10-23 21:00,88230.0,20470.0,975.57,478.03
2011-10-23 22:00,83991.0,20065.0,915.95,475.51
2011-10-23 23:00,79451.0,19946.0,816.21,458.67
2011-10-24 00:00,77858.0,19861.0,808.54,471.63
2011-10-24 01:00,75075.0,20126.0,731.41,477.3
2011-10-24 02:00,74334.0,20744.0,674.39,493.54
2011-10-24 03:00,74766.0,21591.0,685.27,502.2
2011-10-24 04:00,76190.0,22383.0,690.78,552.22
2011-10-24 05:00,78925.0,22868.0,712.47,556.65
2011-10-24 06:00,82189.0,23068.0,841.47,563.08
2011-10-24 07:00,87596.0,22903.0,959.26,587.87
2011-10-24 08:00,91705.0,22718.0,1026.09,564.79
2011-10-24 09:00,94088.0,22660.0,1115.0,562.06
2011-10-24 10:00,94349.0,22545.0,1108.4,563.22
2011-10-24 11:00,93383.0,22503.0,1026.2,562.34
2011-10-24 12:00,92519.0,22583.0,1018.89,563.9
2011-10-24 13:00,92496.0,22661.0,1020.55,559.35
2011-10-24 14:00,92084.0,23393.0,1015.05,636.82
2011-10-24 15:00,91487.0,23945.0,1002.96,657.71
2011-10-24 16:00,91724.0,24184.0,1026.19,680.99
2011-10-24 17:00,91808.0,23631.0,1022.62,641.22
2011-10-24 18:00,94366.0,23124.0,1066.38,636.3
2011-10-24 19:00,95381.0,21879.0,1062.83,527.88
2011-10-24 20:00,93444.0,21061.0,1037.02,526.64
2011-10-24 21:00,90333.0,20453.0,995.02,496.7
2011-10-24 22:00,85745.0,20019.0,937.5,486.68
2011-10-24 23:00,81243.0,19914.0,842.56,473.41
2011-10-25 00:00,79480.0,20189.0,784.46,476.43
2011-10-25 01:00,75736.0,20535.0,648.74,477.13
2011-10-25 02:00,75482.0,21213.0,413.3,495.82
2011-10-25 03:00,75789.0,22170.0,466.49,511.73
2011-10-25 04:00,76927.0,22684.0,668.86,536.81
2011-10-25 05:00,79750.0,23241.0,732.17,566.24
2011-10-25 06:00,83421.0,23481.0,830.85,574.91
2011-10-25 07:00,88505.0,23389.0,1049.38,590.03
2011-10-25 08:00,92528.0,22852.0,1088.15,572.33
2011-10-25 09:00,94451.0,22642.0,1097.87,544.47
2011-10-25 10:00,94468.0,22586.0,1082.33,545.5
2011-10-25 11:00,93463.0,22456.0,1085.52,542.43
2011-10-25 12:00,92619.0,22677.0,1077.74,553.57
2011-10-25 13:00,92597.0,23027.0,1073.66,550.7
2011-10-25 14:00,92320.0,23491.0,1074.98,558.64
2011-10-25 15:00,91840.0,24313.0,1072.04,593.76
2011-10-25 16:00,92068.0,24502.0,1083.84,616.22
2011-10-25 17:00,92211.0,23847.0,1097.31,587.31
2011-10-25 18:00,94494.0,23043.0,1104.77,568.82
2011-10-25 19:00,95498.0,22281.0,1087.81,550.09
2011-10-25 20:00,93601.0,21322.0,1044.35,536.0
2011-10-25 21:00,89995.0,20757.0,1009.82,510.83
2011-10-25 22:00,86025.0,20346.0,970.49,484.78
2011-10-25 23:00,81448.0,20183.0,840.39,472.83
2011-10-26 00:00,80044.0,20337.0,829.14,498.27
2011-10-26 01:00,76886.0,20686.0,700.01,497.75
2011-10-26 02:00,76030.0,21268.0,649.35,519.24
2011-10-26 03:00,76322.0,22184.0,572.18,539.0
2011-10-26 04:00,77583.0,22835.0,487.75,551.72
2011-10-26 05:00,80606.0,23350.0,782.28,573.28
2011-10-26 06:00,84023.0,23573.0,942.23,584.21
2011-10-26 07:00,89115.0,23473.0,1174.25,611.92
2011-10-26 08:00,93116.0,23071.0,1232.55,583.65
2011-10-26 09:00,94857.0,22915.0,1249.11,577.95
2011-10-26 10:00,94832.0,22818.0,1221.32,562.61
2011-10-26 11:00,93688.0,22825.0,1151.19,562.37
2011-10-26 12:00,92927.0,22835.0,1139.03,562.9
2011-10-26 13:00,93005.0,23144.0,1137.57,560.76
2011-10-26 14:00,92649.0,23596.0,1134.53,572.87
2011-10-26 15:00,92401.0,24289.0,1148.51,630.42
2011-10-26 16:00,92693.0,24492.0,1162.21,627.47
2011-10-26 17:00,93122.0,23986.0,1142.07,630.99
2011-10-26 18:00,95340.0,23391.0,1159.89,621.84
2011-10-26 19:00,96059.0,22336.0,1158.03,548.71
2011-10-26 20:00,93905.0,21383.0,1105.11,547.29
2011-10-26 21:00,90756.0,20760.0,1044.82,500.19
2011-10-26 22:00,86231.0,20313.0,980.35,490.19
2011-10-26 23:00,81604.0,20245.0,836.0,486.89
2011-10-27 00:00,79120.0,20311.0,779.43,485.79
2011-10-27 01:00,77110.0,20515.0,653.91,476.14
2011-10-27 02:00,76368.0,21086.0,636.0,517.14
2011-10-27 03:00,76841.0,21957.0,658.93,544.51
2011-10-27 04:00,78003.0,22634.0,442.81,568.74
2011-10-27 05:00,80957.0,23169.0,765.33,578.99
2011-10-27 06:00,84329.0,23466.0,899.56,616.33
2011-10-27 07:00,89723.0,23256.0,1085.86,622.97
2011-10-27 08:00,93646.0,23075.0,1129.34,602.31
2011-10-27 09:00,95458.0,22902.0,1141.48,581.2
2011-10-27 10:00,95373.0,22826.0,1137.98,589.84
2011-10-27 11:00,94178.0,22836.0,1131.33,600.23
2011-10-27 12:00,93500.0,22902.0,1118.89,600.29
2011-10-27 13:00,93723.0,23046.0,1123.54,608.8
2011-10-27 14:00,93623.0,23583.0,1127.02,643.34
2011-10-27 15:00,93584.0,24233.0,1131.85,642.16
2011-10-27 16:00,93904.0,24204.0,1138.04,657.44
2011-10-27 17:00,94325.0,23883.0,1131.91,667.83
2011-10-27 18:00,96436.0,23168.0,1147.69,650.48
2011-10-27 19:00,96924.0,22074.0,1143.28,579.85
2011-10-27 20:00,94569.0,21372.0,1106.77,572.46
2011-10-27 21:00,91278.0,20796.0,1065.46,527.74
2011-10-27 22:00,86961.0,20369.0,973.8,517.18
2011-10-27 23:00,82331.0,20280.0,840.53,510.5
2011-10-28 00:00,79616.0,20385.0,746.56,553.38
2011-10-28 01:00,77498.0,20603.0,645.37,549.15
2011-10-28 02:00,76861.0,21280.0,630.31,584.5
2011-10-28 03:00,77068.0,22157.0,633.99,614.28
2011-10-28 04:00,78088.0,22826.0,318.11,633.52
2011-10-28 05:00,80993.0,23332.0,715.97,641.56
2011-10-28 06:00,84491.0,23473.0,861.07,652.19
2011-10-28 07:00,90217.0,23310.0,1069.74,649.73
2011-10-28 08:00,93670.0,23196.0,1098.61,649.38
2011-10-28 09:00,95413.0,22999.0,1116.61,639.99
2011-10-28 10:00,95468.0,22910.0,1114.83,640.36
2011-10-28 11:00,94298.0,22957.0,1106.77,640.61
2011-10-28 12:00,93675.0,22937.0,1100.65,636.52
2011-10-28 13:00,93903.0,23085.0,1100.97,629.88
2011-10-28 14:00,93701.0,23526.0,1099.58,654.04
2011-10-28 15:00,93670.0,23985.0,1107.26,672.97
2011-10-28 16:00,93740.0,23967.0,1114.08,697.57
2011-10-28 17:00,94348.0,23553.0,1111.87,650.44
2011-10-28 18:00,96698.0,23016.0,1122.07,635.98
2011-10-28 19:00,96976.0,22176.0,1122.05,618.58
2011-10-28 20:00,94518.0,21553.0,1097.96,623.63
2011-10-28 21:00,91371.0,21038.0,1035.19,615.07
2011-10-28 22:00,86978.0,20611.0,942.52,584.8
2011-10-28 23:00,82745.0,20415.0,816.91,582.82
2011-10-29 00:00,80294.0,20364.0,878.32,613.15
2011-10-29 01:00,78131.0,20464.0,843.28,609.74
2011-10-29 02:00,77151.0,20892.0,826.32,619.16
2011-10-29 03:00,76965.0,21373.0,824.61,628.14
2011-10-29 04:00,77461.0,21855.0,822.92,670.53
2011-10-29 05:00,79105.0,22386.0,792.65,672.15
2011-10-29 06:00,80909.0,22699.0,846.33,694.53
2011-10-29 07:00,83035.0,22651.0,886.71,697.62
2011-10-29 08:00,86050.0,22586.0,978.28,697.54
2011-10-29 09:00,88044.0,22428.0,1015.91,693.0
2011-10-29 10:00,88984.0,22357.0,1026.19,693.2
2011-10-29 11:00,88630.0,22394.0,1021.92,698.05
2011-10-29 12:00,88096.0,22388.0,1012.42,697.61
2011-10-29 13:00,87699.0,22672.0,1006.13,707.23
2011-10-29 14:00,87530.0,23185.0,1008.04,736.81
2011-10-29 15:00,87807.0,24335.0,1018.04,762.5
2011-10-29 16:00,88405.0,24213.0,1020.79,799.58
2011-10-29 17:00,90302.0,23574.0,1042.94,784.01
2011-10-29 18:00,93466.0,22762.0,1109.26,740.46
2011-10-29 19:00,94318.0,22015.0,1119.32,694.08
2011-10-29 20:00,92452.0,21380.0,1053.3,692.18
2011-10-29 21:00,89824.0,20942.0,1015.68,643.03
2011-10-29 22:00,86060.0,20449.0,977.63,632.45
2011-10-29 23:00,81628.0,20361.0,834.78,628.85
2011-10-30 00:00,79080.0,20533.0,848.66,584.93
2011-10-30 01:00,76820.0,20595.0,818.19,573.54
2011-10-30 02:00,76000.0,20969.0,714.74,585.83
2011-10-30 03:00,75779.0,21220.0,696.11,573.81
2011-10-30 04:00,76025.0,21565.0,717.17,596.6
2011-10-30 05:00,77161.0,22044.0,731.61,609.82
2011-10-30 06:00,78601.0,22377.0,739.52,673.91
2011-10-30 07:00,79829.0,22341.0,777.67,683.76
2011-10-30 08:00,81828.0,22240.0,840.14,683.56
2011-10-30 09:00,84454.0,22135.0,941.66,679.98
2011-10-30 10:00,85890.0,22069.0,968.16,692.71
2011-10-30 11:00,86168.0,22177.0,972.9,693.11
2011-10-30 12:00,86004.0,22462.0,971.82,705.05
2011-10-30 13:00,85936.0,23043.0,971.16,703.13
2011-10-30 14:00,85997.0,24038.0,970.79,824.08
2011-10-30 15:00,86613.0,24566.0,977.58,868.32
2011-10-30 16:00,87885.0,24495.0,1011.41,888.51
2011-10-30 17:00,90004.0,23361.0,1066.48,790.65
2011-10-30 18:00,93037.0,22612.0,1117.95,716.82
2011-10-30 19:00,94037.0,21955.0,1134.14,618.17
2011-10-30 20:00,92124.0,21478.0,1055.11,665.77
2011-10-30 21:00,89240.0,20884.0,984.39,594.35
2011-10-30 22:00,85196.0,20608.0,948.36,590.48
2011-10-30 23:00,81713.0,20493.0,865.76,571.78
2011-10-31 00:00,78962.0,20666.0,843.29,625.29
2011-10-31 01:00,76842.0,20855.0,704.36,646.24
2011-10-31 02:00,76129.0,21365.0,648.82,649.59
2011-10-31 03:00,76423.0,22204.0,656.63,669.8
2011-10-31 04:00,77676.0,22925.0,765.62,693.29
2011-10-31 05:00,79906.0,23394.0,769.09,701.47
2011-10-31 06:00,83982.0,23502.0,892.56,737.42
2011-10-31 07:00,89674.0,23460.0,1075.99,749.17
2011-10-31 08:00,93736.0,23351.0,1105.27,747.5
2011-10-31 09:00,95887.0,23205.0,1128.82,704.49
2011-10-31 10:00,96222.0,23139.0,1134.94,723.04
2011-10-31 11:00,95110.0,23135.0,1125.5,722.98
2011-10-31 12:00,94422.0,23187.0,1117.22,761.47
2011-10-31 13:00,94789.0,23426.0,1121.86,802.75
2011-10-31 14:00,94517.0,24319.0,1122.19,855.42
2011-10-31 15:00,94703.0,25167.0,1143.05,881.62
2011-10-31 16:00,95033.0,25049.0,1178.59,902.81
2011-10-31 17:00,95585.0,23866.0,1159.8,728.81
2011-10-31 18:00,97632.0,23269.0,1162.71,698.76
2011-10-31 19:00,97686.0,22430.0,1173.09,680.52
2011-10-31 20:00,95358.0,21829.0,1116.92,682.94
2011-10-31 21:00,92106.0,21180.0,1070.62,668.05
2011-10-31 22:00,87861.0,20862.0,967.64,646.88
2011-10-31 23:00,83238.0,20690.0,854.46,642.15
2011-11-01 00:00,79801.0,20827.0,698.27,626.42
2011-11-01 01:00,77599.0,21132.0,584.63,592.02
2011-11-01 02:00,77050.0,21851.0,554.03,639.21
2011-11-01 03:00,77504.0,22815.0,572.32,635.23
2011-11-01 04:00,78550.0,23430.0,600.69,659.49
2011-11-01 05:00,80843.0,23889.0,688.54,668.88
2011-11-01 06:00,84906.0,24049.0,843.52,675.31
2011-11-01 07:00,90159.0,23961.0,989.98,685.12
2011-11-01 08:00,93829.0,23804.0,1019.29,682.88
2011-11-01 09:00,95918.0,23648.0,1042.86,675.63
2011-11-01 10:00,96310.0,23638.0,1052.52,680.41
2011-11-01 11:00,95763.0,23588.0,1061.99,680.24
2011-11-01 12:00,95224.0,23663.0,1050.95,681.8
2011-11-01 13:00,95553.0,23950.0,1060.46,674.57
2011-11-01 14:00,95193.0,24361.0,1058.35,679.03
2011-11-01 15:00,94595.0,24813.0,1048.22,690.5
2011-11-01 16:00,94779.0,24779.0,1052.84,692.79
2011-11-01 17:00,95754.0,24309.0,1065.44,686.04
2011-11-01 18:00,97760.0,23711.0,1084.77,677.82
2011-11-01 19:00,97785.0,22923.0,1077.84,665.13
2011-11-01 20:00,95198.0,22343.0,1040.5,669.02
2011-11-01 21:00,92371.0,21683.0,1006.9,641.21
2011-11-01 22:00,87798.0,21331.0,892.42,641.76
2011-11-01 23:00,83426.0,21173.0,793.34,631.72
2011-11-02 00:00,79667.0,21109.0,707.16,596.92
2011-11-02 01:00,77619.0,21369.0,629.02,591.43
2011-11-02 02:00,76674.0,21964.0,594.56,571.78
2011-11-02 03:00,77467.0,22699.0,622.62,629.29
2011-11-02 04:00,78457.0,23406.0,651.99,656.49
2011-11-02 05:00,80985.0,23898.0,799.96,673.78
2011-11-02 06:00,84508.0,24050.0,849.95,702.75
2011-11-02 07:00,89862.0,23959.0,1014.44,712.62
2011-11-02 08:00,93793.0,23831.0,1046.77,690.0
2011-11-02 09:00,95854.0,23681.0,1077.66,676.55
2011-11-02 10:00,96073.0,23704.0,1081.17,677.91
2011-11-02 11:00,95408.0,23834.0,1083.61,682.66
2011-11-02 12:00,95126.0,24028.0,1083.07,682.68
2011-11-02 13:00,95323.0,24245.0,1086.28,676.12
2011-11-02 14:00,94898.0,24656.0,1081.66,682.06
2011-11-02 15:00,94193.0,25035.0,1069.65,713.28
2011-11-02 16:00,94439.0,25014.0,1080.38,723.26
2011-11-02 17:00,95514.0,24398.0,1090.88,682.46
2011-11-02 18:00,97486.0,23756.0,1114.42,675.13
2011-11-02 19:00,97332.0,23046.0,1099.9,651.32
2011-11-02 20:00,94703.0,22451.0,1069.72,664.62
2011-11-02 21:00,92113.0,21731.0,1026.11,647.01
2011-11-02 22:00,87771.0,21370.0,953.41,614.92
2011-11-02 23:00,83493.0,21195.0,847.32,610.93
2011-11-03 00:00,80044.0,21533.0,801.27,540.92
2011-11-03 01:00,77784.0,21752.0,635.26,541.83
2011-11-03 02:00,76771.0,22192.0,592.47,539.42
2011-11-03 03:00,76639.0,22591.0,553.86,565.12
2011-11-03 04:00,77546.0,23158.0,323.2,615.87
2011-11-03 05:00,80179.0,23721.0,673.63,635.14
2011-11-03 06:00,83372.0,23947.0,794.19,644.02
2011-11-03 07:00,88737.0,23962.0,939.07,659.48
2011-11-03 08:00,92653.0,23832.0,1010.35,657.81
2011-11-03 09:00,94972.0,23699.0,1043.42,650.34
2011-11-03 10:00,95212.0,23561.0,1057.59,651.32
2011-11-03 11:00,94451.0,23504.0,1062.52,647.43
2011-11-03 12:00,93782.0,23695.0,1042.43,653.31
2011-11-03 13:00,93988.0,23996.0,1056.91,646.67
2011-11-03 14:00,93298.0,24317.0,1036.58,653.09
2011-11-03 15:00,92965.0,24686.0,1031.27,653.78
2011-11-03 16:00,93218.0,24671.0,1032.46,659.03
2011-11-03 17:00,94281.0,24254.0,1047.04,655.02
2011-11-03 18:00,95910.0,23630.0,1057.23,635.68
2011-11-03 19:00,95943.0,22880.0,1056.61,618.47
2011-11-03 20:00,93504.0,22263.0,1015.03,625.01
2011-11-03 21:00,91144.0,21665.0,995.8,594.18
2011-11-03 22:00,86999.0,21268.0,914.56,584.98
2011-11-03 23:00,82788.0,21033.0,802.01,581.3
2011-11-04 00:00,79646.0,20979.0,809.67,506.52
2011-11-04 01:00,78154.0,21043.0,732.91,503.69
2011-11-04 02:00,77004.0,21500.0,644.49,510.54
2011-11-04 03:00,77183.0,21822.0,629.61,518.5
2011-11-04 04:00,77579.0,22216.0,631.08,536.42
2011-11-04 05:00,78514.0,22767.0,668.06,540.49
2011-11-04 06:00,80536.0,23124.0,726.78,548.06
2011-11-04 07:00,82456.0,23257.0,811.4,554.74
2011-11-04 08:00,85332.0,23160.0,889.2,552.97
2011-11-04 09:00,88028.0,23049.0,961.7,548.9
2011-11-04 10:00,89101.0,23019.0,964.28,550.47
2011-11-04 11:00,89033.0,22981.0,963.23,549.31
2011-11-04 12:00,88517.0,23128.0,959.58,551.23
2011-11-04 13:00,88521.0,23336.0,959.23,543.94
2011-11-04 14:00,88457.0,23956.0,966.1,553.48
2011-11-04 15:00,89280.0,24309.0,980.59,553.52
2011-11-04 16:00,90440.0,24233.0,1015.34,572.97
2011-11-04 17:00,92703.0,23813.0,1024.14,558.0
2011-11-04 18:00,94544.0,23303.0,1039.65,551.88
2011-11-04 19:00,94348.0,22676.0,1029.96,542.95
2011-11-04 20:00,92559.0,22097.0,981.41,549.99
2011-11-04 22:00,86371.0,21182.0,946.29,509.69
2011-11-04 23:00,82364.0,21006.0,839.25,505.69
2011-11-05 00:00,80639.0,21212.0,840.42,486.69
2011-11-05 01:00,79133.0,21345.0,835.87,484.32
2011-11-05 02:00,77691.0,21567.0,683.48,487.18
2011-11-05 03:00,77270.0,21794.0,678.05,488.69
2011-11-05 04:00,77803.0,22273.0,730.87,489.38
2011-11-05 05:00,79190.0,22815.0,755.66,501.23
2011-11-05 06:00,80718.0,23145.0,752.4,504.54
2011-11-05 07:00,82766.0,23264.0,848.99,514.56
2011-11-05 08:00,85430.0,23198.0,883.66,514.6
2011-11-05 09:00,88040.0,23099.0,973.48,509.39
2011-11-05 10:00,89299.0,23039.0,984.5,514.97
2011-11-05 11:00,89322.0,23079.0,983.93,515.54
2011-11-05 12:00,89015.0,23150.0,979.44,516.73
2011-11-05 13:00,88804.0,23416.0,977.98,521.92
2011-11-05 14:00,89202.0,23971.0,991.69,518.21
2011-11-05 15:00,89710.0,24310.0,993.2,530.37
2011-11-05 16:00,90847.0,24385.0,1016.07,527.57
2011-11-05 17:00,92732.0,23838.0,1051.88,526.87
2011-11-05 18:00,94962.0,23297.0,1089.05,525.11
2011-11-05 19:00,94773.0,22711.0,1066.34,517.35
2011-11-05 20:00,92946.0,22047.0,1005.31,527.44
2011-11-05 21:00,90249.0,21543.0,980.11,495.83
2011-11-05 22:00,86608.0,21223.0,953.3,487.63
2011-11-05 23:00,82466.0,21237.0,834.18,485.94
2013-03-09 16:00,80000.0,20000.0,1000.0,500.0
2026-03-01 11:00,80000.0,20000.0,1000.0,500.0
2020-03-01 11:00,50000.0,40000.0,2000.0,100.0
